-- phpMyAdmin SQL Dump
-- version 5.2.0
-- https://www.phpmyadmin.net/
--
-- Host: 127.0.0.1
-- Generation Time: Dec 21, 2022 at 04:21 PM
-- Server version: 10.4.24-MariaDB
-- PHP Version: 8.1.6

SET SQL_MODE = "NO_AUTO_VALUE_ON_ZERO";
START TRANSACTION;
SET time_zone = "+00:00";


/*!40101 SET @OLD_CHARACTER_SET_CLIENT=@@CHARACTER_SET_CLIENT */;
/*!40101 SET @OLD_CHARACTER_SET_RESULTS=@@CHARACTER_SET_RESULTS */;
/*!40101 SET @OLD_COLLATION_CONNECTION=@@COLLATION_CONNECTION */;
/*!40101 SET NAMES utf8mb4 */;

--
-- Database: `3tn-shop`
--

-- --------------------------------------------------------

--
-- Table structure for table `binhluan`
--

CREATE TABLE `binhluan` (
  `MaBL` int(11) NOT NULL,
  `MaSP` int(11) DEFAULT NULL,
  `MaTin` int(11) DEFAULT NULL,
  `MaND` int(10) NOT NULL,
  `BinhLuan` longtext COLLATE utf8_unicode_ci NOT NULL,
  `NgayLap` datetime NOT NULL
) ENGINE=InnoDB DEFAULT CHARSET=utf8 COLLATE=utf8_unicode_ci;

--
-- Dumping data for table `binhluan`
--

INSERT INTO `binhluan` (`MaBL`, `MaSP`, `MaTin`, `MaND`, `BinhLuan`, `NgayLap`) VALUES
(1, 3, NULL, 3, 'hóng dịp sale mạnh để hốt em này', '2022-11-21 14:44:58'),
(2, 5, NULL, 5, 'có ship ngoại thành không nhỉ?', '2022-11-21 14:48:50'),
(3, 1, NULL, 2, 'shop tư vấn mình con này với', '2022-11-21 14:48:50'),
(4, NULL, 3, 4, 'Rất hữu ích, cảm ơn ad nha', '2022-11-28 10:24:08'),
(12, 3, NULL, 2, 'hello', '2022-11-22 16:06:15'),
(14, 7, NULL, 6, 'hello', '2022-11-23 11:13:47'),
(16, 9, NULL, 6, 'con này giảm giá mạnh vậy', '2022-11-29 03:43:04'),
(25, NULL, 4, 6, 'bài viết hay quá', '2022-11-30 10:17:32'),
(27, NULL, 4, 5, 'ad ơi mình không làm theo được', '2022-12-17 18:35:26');

-- --------------------------------------------------------

--
-- Table structure for table `chitietdonhang`
--

CREATE TABLE `chitietdonhang` (
  `MaDH` int(11) NOT NULL,
  `MaSP` int(11) NOT NULL,
  `GiaTien` float NOT NULL,
  `SoLuong` int(11) NOT NULL
) ENGINE=InnoDB DEFAULT CHARSET=utf8 COLLATE=utf8_unicode_ci;

--
-- Dumping data for table `chitietdonhang`
--

INSERT INTO `chitietdonhang` (`MaDH`, `MaSP`, `GiaTien`, `SoLuong`) VALUES
(1, 1, 11990000, 1),
(1, 18, 82690000, 1),
(3, 2, 11990000, 1),
(3, 9, 6493000, 1),
(7, 8, 30590000, 1),
(8, 15, 28490000, 3),
(9, 7, 20490000, 2),
(10, 17, 32890000, 1),
(10, 36, 11490000, 2);

-- --------------------------------------------------------

--
-- Table structure for table `danhgia`
--

CREATE TABLE `danhgia` (
  `MaSP` int(11) NOT NULL,
  `MaND` int(10) NOT NULL,
  `SoSao` int(11) NOT NULL,
  `NoiDung` longtext COLLATE utf8_unicode_ci NOT NULL,
  `NgayLap` datetime NOT NULL
) ENGINE=InnoDB DEFAULT CHARSET=utf8 COLLATE=utf8_unicode_ci;

--
-- Dumping data for table `danhgia`
--

INSERT INTO `danhgia` (`MaSP`, `MaND`, `SoSao`, `NoiDung`, `NgayLap`) VALUES
(1, 2, 4, 'Xài cũng được, mới đầu không biết cài đặt được nhân viên chỉ rất tận tình, dịch vụ ổn mỗi tội ship hơi lâu.', '2022-11-21 10:53:09'),
(2, 3, 2, 'Mua xong rước bực vào người! Apple nên rất tin tưởng những không hiểu sao máy mình mua pin lại tụt rất nhanh, xài chưa được nửa ngày đã thấy hết rồi!', '2022-11-21 10:53:09'),
(2, 6, 4, 'Giao hàng khá nhanh, đặt hôm qua hôm nay đã đến, sản phẩm new chính hãng, được tặng ốp lưng nữa, pin khá trâu, hiệu năng ổn', '2022-12-16 22:32:11'),
(5, 4, 5, 'Mua lần thứ 2 cho con học, sản phẩm rất tốt, sẽ quay lại ủng hộ!', '2022-11-21 11:00:29'),
(5, 5, 5, 'ship nhanh, mua trúng đợt sale nên giá hời', '2022-11-21 11:00:29'),
(9, 6, 5, 'xài ổn, pin được gần 2 tuần, nghe gọi oke, sẽ quay lại ủng hộ tiếp', '2022-12-17 15:18:46'),
(18, 2, 5, 'Sản phẩm ok, tính mua Air thôi mà cái này sale nhiều hơn nên mua cái này', '2022-11-21 11:02:14'),
(18, 6, 5, 'ship ngoại thành nhanh, anh shipper dễ thương', '2022-11-21 11:02:14'),
(20, 6, 3, 'Mua cùng đợt mà cái macbook thì ổn cái này xài chán quá, biết thế mua con M2', '2022-11-21 11:05:30'),
(22, 3, 3, 'Xài cũng được, ship lâu', '2022-11-21 11:06:44'),
(36, 6, 4, 'Thiết kế rất đẹp, pin dùng lâu, bass tệ hơn con Sony cũ của mình, nghe chống điếc thôi', '2022-12-16 05:48:40');

-- --------------------------------------------------------

--
-- Table structure for table `donhang`
--

CREATE TABLE `donhang` (
  `MaDH` int(11) NOT NULL,
  `MaND` int(11) NOT NULL,
  `NgayLap` datetime NOT NULL,
  `HoTen` varchar(255) COLLATE utf8_unicode_ci NOT NULL,
  `SDT` varchar(20) COLLATE utf8_unicode_ci NOT NULL,
  `DiaChi` varchar(100) COLLATE utf8_unicode_ci NOT NULL,
  `PhiVanChuyen` float DEFAULT 0,
  `GiamGia` float DEFAULT 0,
  `GhiChu` longtext COLLATE utf8_unicode_ci NOT NULL,
  `TongTien` float NOT NULL DEFAULT 0,
  `TrangThai` varchar(70) COLLATE utf8_unicode_ci NOT NULL
) ENGINE=InnoDB DEFAULT CHARSET=utf8 COLLATE=utf8_unicode_ci;

--
-- Dumping data for table `donhang`
--

INSERT INTO `donhang` (`MaDH`, `MaND`, `NgayLap`, `HoTen`, `SDT`, `DiaChi`, `PhiVanChuyen`, `GiamGia`, `GhiChu`, `TongTien`, `TrangThai`) VALUES
(1, 2, '2022-12-14 15:55:53', 'Mai Văn Liêu', '0962298124', '108 Đường Hoàng Diệu 2, P. Linh Chiểu, TP. Thủ Đức - TP. Hồ Chí Minh', 35000, 0, 'giao hàng vào buổi chiều lúc gần 4 rưỡi 5 giờ', 94645000, 'Đang giao'),
(3, 6, '2022-12-15 16:21:38', 'Thu Thảo Trần', '034343434', '20/15, tổ 92, khu phố 13A, Phường Hố Nai Thành phố Biên Hòa Tỉnh Đồng Nai', 35000, 50000, 'không giao vào thứ 5', 18398000, 'Đã giao'),
(7, 6, '2022-12-17 15:21:37', 'Hà Trần Quốc Tiến', '034343434', '23A ngõ Yên Lan, Xã Hòa Mỹ Tây Huyện Tây Hoà Tỉnh Phú Yên', 0, 100000, '', 30490000, 'Đã giao'),
(8, 5, '2022-12-17 18:05:09', 'Trần Minh Tiến', '0944523345', '12 ngã ba Yên Phước, Xã Lang Thíp, Huyện Văn Yên, Tỉnh Yên Bái', 30000, 0, '', 85440000, 'Đang giao'),
(9, 5, '2022-12-17 18:22:14', 'Trần Minh Tiến', '093233454', '123 Trần Duy Hưng, Phường Xuân La, Quận Tây Hồ, Thành phố Hà Nội', 10000, 0, '', 41020000, 'Đang giao'),
(10, 6, '2022-12-20 20:22:29', 'Trần Minh Tiến', '094545344', '34 hẻm 34, Phường Nhật Tân, Quận Tây Hồ, Thành phố Hà Nội', 45000, 0, '', 55875000, 'Đang giao');

-- --------------------------------------------------------

--
-- Table structure for table `giohang`
--

CREATE TABLE `giohang` (
  `MaND` int(11) NOT NULL,
  `MaSP` int(11) NOT NULL,
  `SoLuong` int(11) NOT NULL
) ENGINE=InnoDB DEFAULT CHARSET=utf8 COLLATE=utf8_unicode_ci;

-- --------------------------------------------------------

--
-- Table structure for table `khuyenmai`
--

CREATE TABLE `khuyenmai` (
  `MaKM` int(11) NOT NULL,
  `CodeKM` varchar(100) COLLATE utf8_unicode_ci NOT NULL,
  `MaLoaiKM` int(11) DEFAULT NULL,
  `GiaTriKM` int(11) NOT NULL,
  `SoLuong` int(11) NOT NULL
) ENGINE=InnoDB DEFAULT CHARSET=utf8 COLLATE=utf8_unicode_ci;

--
-- Dumping data for table `khuyenmai`
--

INSERT INTO `khuyenmai` (`MaKM`, `CodeKM`, `MaLoaiKM`, `GiaTriKM`, `SoLuong`) VALUES
(1, 'B83JS1HSK', 2, 50000, 5),
(2, 'AHS3DJ6BW', 2, 100000, 4),
(3, 'J5BST6NQ', 1, 30000, 3),
(4, 'QZ0001C', 1, 10000, 8),
(5, 'CX0001B', 1, 35000, 0),
(6, 'CX00019', 2, 250000, 1),
(7, 'QZ0001E', 1, 30000, 0),
(19, 'sCOGqeNSBv', 1, 45000, 4);

-- --------------------------------------------------------

--
-- Table structure for table `loaikhuyenmai`
--

CREATE TABLE `loaikhuyenmai` (
  `MaLoaiKM` int(11) NOT NULL,
  `TenLoaiKM` varchar(50) COLLATE utf8_unicode_ci NOT NULL
) ENGINE=InnoDB DEFAULT CHARSET=utf8 COLLATE=utf8_unicode_ci;

--
-- Dumping data for table `loaikhuyenmai`
--

INSERT INTO `loaikhuyenmai` (`MaLoaiKM`, `TenLoaiKM`) VALUES
(1, 'Giảm giá vận chuyển'),
(2, 'Giảm giá đơn hàng');

-- --------------------------------------------------------

--
-- Table structure for table `loaisanpham`
--

CREATE TABLE `loaisanpham` (
  `MaLSP` int(11) NOT NULL,
  `TenLSP` varchar(70) COLLATE utf8_unicode_ci NOT NULL
) ENGINE=InnoDB DEFAULT CHARSET=utf8 COLLATE=utf8_unicode_ci;

--
-- Dumping data for table `loaisanpham`
--

INSERT INTO `loaisanpham` (`MaLSP`, `TenLSP`) VALUES
(1, 'Iphone'),
(2, 'Macbook'),
(3, 'Ipad'),
(4, 'AirPods'),
(5, 'Apple Watch'),
(6, 'Chuột Apple'),
(7, 'Bàn phím Magic');

-- --------------------------------------------------------

--
-- Table structure for table `nguoidung`
--

CREATE TABLE `nguoidung` (
  `MaND` int(11) NOT NULL,
  `Ho` varchar(20) COLLATE utf8_unicode_ci DEFAULT NULL,
  `Ten` varchar(20) COLLATE utf8_unicode_ci NOT NULL,
  `SDT` varchar(20) COLLATE utf8_unicode_ci DEFAULT NULL,
  `Email` varchar(50) COLLATE utf8_unicode_ci NOT NULL,
  `TaiKhoan` varchar(100) COLLATE utf8_unicode_ci DEFAULT NULL,
  `MatKhau` varchar(100) COLLATE utf8_unicode_ci DEFAULT NULL,
  `MaQuyen` int(11) NOT NULL
) ENGINE=InnoDB DEFAULT CHARSET=utf8 COLLATE=utf8_unicode_ci;

--
-- Dumping data for table `nguoidung`
--

INSERT INTO `nguoidung` (`MaND`, `Ho`, `Ten`, `SDT`, `Email`, `TaiKhoan`, `MatKhau`, `MaQuyen`) VALUES
(1, 'Phạm', 'Thị Tươi', '06767743434', 'tuoipham123@gmail.com', 'tuoipham', '508df4cb2f4d8f80519256258cfb975f', 1),
(2, 'Mai', 'Văn Liêu', '0962298124', 'lieumai@gmail.com', 'hello', '508df4cb2f4d8f80519256258cfb975f', 3),
(3, 'Mai', 'Hoàng Phúc', '0874555433', 'fdfd@gmail.com', 'phucxautrai', '91626c85825660803224648b50fc15d0', 3),
(4, 'Nguyễn', 'Xuân Trà', '0962298124', 'xuantra@gmail.com', 'xuantra', '9c72446df124ddf214b698c1e2312371', 3),
(5, 'Trần', 'Minh Tiến', '0962298124', 'aaaa@gmail.com', 'tientran', 'e10adc3949ba59abbe56e057f20f883e', 3),
(6, 'Hà', 'Tiến', '034245865', 'tienha145@gmail.com', 'tienha', 'e10adc3949ba59abbe56e057f20f883e', 3),
(85, 'Trần', 'Duy Phương', '03434242424', 'duyphuong123@gmail.com', 'phuongcute', '1db5a7079021ef8616329b6b36a421ea', 1),
(93, NULL, 'Thảo Thu Trần', NULL, 'midoritran042@gmail.com', NULL, NULL, 3),
(94, NULL, 'Thu Thảo Trần', NULL, 'tranthuthao.bhn.96@gmail.com', NULL, NULL, 3),
(96, 'admin', 'admin', '0123456789', 'admin@gmail.com', 'admin', 'e10adc3949ba59abbe56e057f20f883e', 1);

-- --------------------------------------------------------

--
-- Table structure for table `phanquyen`
--

CREATE TABLE `phanquyen` (
  `MaQuyen` int(11) NOT NULL,
  `TenQuyen` varchar(20) COLLATE utf8_unicode_ci NOT NULL
) ENGINE=InnoDB DEFAULT CHARSET=utf8 COLLATE=utf8_unicode_ci;

--
-- Dumping data for table `phanquyen`
--

INSERT INTO `phanquyen` (`MaQuyen`, `TenQuyen`) VALUES
(1, 'Admin'),
(3, 'Khách hàng');

-- --------------------------------------------------------

--
-- Table structure for table `sanpham`
--

CREATE TABLE `sanpham` (
  `MaSP` int(11) NOT NULL,
  `MaLSP` int(11) NOT NULL,
  `TenSP` varchar(200) COLLATE utf8_unicode_ci NOT NULL,
  `TenSeries` varchar(50) COLLATE utf8_unicode_ci DEFAULT NULL,
  `Ram` varchar(20) COLLATE utf8_unicode_ci DEFAULT NULL,
  `Rom` varchar(20) COLLATE utf8_unicode_ci DEFAULT NULL,
  `ChiTiet` longtext COLLATE utf8_unicode_ci NOT NULL,
  `GiaGoc` int(11) NOT NULL,
  `GiaTien` int(11) NOT NULL,
  `SoLuong` int(10) UNSIGNED NOT NULL DEFAULT 1,
  `HinhAnh` varchar(200) COLLATE utf8_unicode_ci NOT NULL,
  `MoTa` longtext COLLATE utf8_unicode_ci NOT NULL,
  `New` int(11) NOT NULL,
  `Hot` int(11) NOT NULL,
  `SoSao` int(11) NOT NULL,
  `SoDanhGia` int(11) NOT NULL
) ENGINE=InnoDB DEFAULT CHARSET=utf8 COLLATE=utf8_unicode_ci;

--
-- Dumping data for table `sanpham`
--

INSERT INTO `sanpham` (`MaSP`, `MaLSP`, `TenSP`, `TenSeries`, `Ram`, `Rom`, `ChiTiet`, `GiaGoc`, `GiaTien`, `SoLuong`, `HinhAnh`, `MoTa`, `New`, `Hot`, `SoSao`, `SoDanhGia`) VALUES
(1, 1, 'Iphone 11 64GB Xanh', 'Iphone 11', '4GB', '64GB', '<table class=\"table\">\n							<tbody>\n								<tr>\n									<td>\n										<h5>Màn hình:</h5>\n									</td>\n									<td>\n										<h5>IPS LCD6.1\", Liquid Retina</h5>\n									</td>\n								</tr>\n								<tr>\n									<td>\n										<h5>Hệ điều hành:</h5>\n									</td>\n									<td>\n										<h5>iOS 15</h5>\n									</td>\n								</tr>\n								<tr>\n									<td>\n										<h5>Camera sau:</h5>\n									</td>\n									<td>\n										<h5>2 camera 12 MP</h5>\n									</td>\n								</tr>\n								<tr>\n									<td>\n										<h5>Camera trước:</h5>\n									</td>\n									<td>\n										<h5>12 MP</h5>\n									</td>\n								</tr>\n								<tr>\n									<td>\n										<h5>Chip:</h5>\n									</td>\n									<td>\n										<h5>Apple A13 Bionic</h5>\n									</td>\n								</tr>\n								<tr>\n									<td>\n										<h5>RAM:</h5>\n									</td>\n									<td>\n										<h5>4 GB</h5>\n									</td>\n								</tr>\n								<tr>\n									<td>\n										<h5>Dung lượng lưu trữ:</h5>\n									</td>\n									<td>\n										<h5>64 GB</h5>\n									</td>\n								</tr>\n								<tr>\n									<td>\n										<h5>SIM:</h5>\n									</td>\n									<td>\n										<h5>1 Nano SIM & 1 eSIM, Hỗ trợ 4G</h5>\n									</td>\n								</tr>\n								<tr>\n									<td>\n										<h5>Pin, Sạc:</h5>\n									</td>\n									<td>\n										<h5>3110 mAh, 18 W</h5>\n									</td>\n								</tr>\n							</tbody>\n						</table>', 14990000, 11990000, 0, 'https://cdn.tgdd.vn/Products/Images/42/153856/iphone-xi-xanhla-600x600.jpg', 'iPhone 11 là chiếc điện thoại thuộc dòng iPhone được ra mắt vào ngày 10 tháng 9 năm 2019 cùng với iPhone 11 Pro và iPhone 11 Pro Max bởi CEO Tim Cook. Đây là phiên bản kế nhiệm của iPhone XR, với giá bán khởi điểm là 699 USD, rẻ hơn 50 USD so với iPhone XR. iPhone 11 được trang bị vi xử lý Apple A13 Bionic cùng với máy ảnh kép với tính năng chụp góc siêu rộng. Tuy nhiên iPhone 11 chỉ được trang bị sẵn sạc phổ thông 5W trong hộp giống với các thế hệ iPhone tiền nhiệm. Trong khi iPhone 11 Pro và 11 Pro Max được trang bị sạc nhanh 18W, mặc dù 3 phiên bản này đều sỡ hữu công nghệ sạc nhanh.', 0, 0, 0, 0),
(2, 1, 'Iphone 11 64GB Tím', 'Iphone 11', '4GB', '64GB', '<table class=\"table\">\r\n							<tbody>\r\n								<tr>\r\n									<td>\r\n										<h5>Màn hình:</h5>\r\n									</td>\r\n									<td>\r\n										<h5>IPS LCD6.1\", Liquid Retina</h5>\r\n									</td>\r\n								</tr>\r\n								<tr>\r\n									<td>\r\n										<h5>Hệ điều hành:</h5>\r\n									</td>\r\n									<td>\r\n										<h5>iOS 15</h5>\r\n									</td>\r\n								</tr>\r\n								<tr>\r\n									<td>\r\n										<h5>Camera sau:</h5>\r\n									</td>\r\n									<td>\r\n										<h5>2 camera 12 MP</h5>\r\n									</td>\r\n								</tr>\r\n								<tr>\r\n									<td>\r\n										<h5>Camera trước:</h5>\r\n									</td>\r\n									<td>\r\n										<h5>12 MP</h5>\r\n									</td>\r\n								</tr>\r\n								<tr>\r\n									<td>\r\n										<h5>Chip:</h5>\r\n									</td>\r\n									<td>\r\n										<h5>Apple A13 Bionic</h5>\r\n									</td>\r\n								</tr>\r\n								<tr>\r\n									<td>\r\n										<h5>RAM:</h5>\r\n									</td>\r\n									<td>\r\n										<h5>4 GB</h5>\r\n									</td>\r\n								</tr>\r\n								<tr>\r\n									<td>\r\n										<h5>Dung lượng lưu trữ:</h5>\r\n									</td>\r\n									<td>\r\n										<h5>64 GB</h5>\r\n									</td>\r\n								</tr>\r\n								<tr>\r\n									<td>\r\n										<h5>SIM:</h5>\r\n									</td>\r\n									<td>\r\n										<h5>1 Nano SIM & 1 eSIM, Hỗ trợ 4G</h5>\r\n									</td>\r\n								</tr>\r\n								<tr>\r\n									<td>\r\n										<h5>Pin, Sạc:</h5>\r\n									</td>\r\n									<td>\r\n										<h5>3110 mAh, 18 W</h5>\r\n									</td>\r\n								</tr>\r\n							</tbody>\r\n						</table>', 14990000, 11990000, 15, 'https://cdn.tgdd.vn/Products/Images/42/213031/iphone-12-violet-1-600x600.jpg', 'iPhone 11 là chiếc điện thoại thuộc dòng iPhone được ra mắt vào ngày 10 tháng 9 năm 2019 cùng với iPhone 11 Pro và iPhone 11 Pro Max bởi CEO Tim Cook. Đây là phiên bản kế nhiệm của iPhone XR, với giá bán khởi điểm là 699 USD, rẻ hơn 50 USD so với iPhone XR. iPhone 11 được trang bị vi xử lý Apple A13 Bionic cùng với máy ảnh kép với tính năng chụp góc siêu rộng. Tuy nhiên iPhone 11 chỉ được trang bị sẵn sạc phổ thông 5W trong hộp giống với các thế hệ iPhone tiền nhiệm. Trong khi iPhone 11 Pro và 11 Pro Max được trang bị sạc nhanh 18W, mặc dù 3 phiên bản này đều sỡ hữu công nghệ sạc nhanh.', 0, 1, 3, 2),
(3, 2, 'MacBook Air M1 2020 16GB/256GB/7-core GPU (Z124000DE) Xám', 'MacBook Air', '16GB', '256GB', '<table class=\"table\">\r\n							<tbody>\r\n								<tr>\r\n									<td>\r\n										<h5>CPU:</h5>\r\n									</td>\r\n									<td>\r\n										<h5>Apple M1</h5>\r\n									</td>\r\n								</tr>\r\n								<tr>\r\n									<td>\r\n										<h5>RAM:</h5>\r\n									</td>\r\n									<td>\r\n										<h5>16 GB</h5>\r\n									</td>\r\n								</tr>\r\n								<tr>\r\n									<td>\r\n										<h5>Ổ cứng:</h5>\r\n									</td>\r\n									<td>\r\n										<h5>256 GB SSD</h5>\r\n									</td>\r\n								</tr>\r\n								<tr>\r\n									<td>\r\n										<h5>Màn hình:</h5>\r\n									</td>\r\n									<td>\r\n										<h5>13.3\"Retina (2560 x 1600)</h5>\r\n									</td>\r\n								</tr>\r\n								<tr>\r\n									<td>\r\n										<h5>Card màn hình:</h5>\r\n									</td>\r\n									<td>\r\n										<h5>Card tích hợp7 nhân GPU</h5>\r\n									</td>\r\n								</tr>\r\n								<tr>\r\n									<td>\r\n										<h5>Cổng kết nối:</h5>\r\n									</td>\r\n									<td>\r\n										<h5>2 x Thunderbolt 3 (USB-C)Jack tai nghe 3.5 mm</h5>\r\n									</td>\r\n								</tr>\r\n								<tr>\r\n									<td>\r\n										<h5>Thiết kế:</h5>\r\n									</td>\r\n									<td>\r\n										<h5>Vỏ kim loại nguyên khối</h5>\r\n									</td>\r\n								</tr>\r\n								<tr>\r\n									<td>\r\n										<h5>Kích thước, khối lượng:</h5>\r\n									</td>\r\n									<td>\r\n										<h5>Dài 304.1 mm - Rộng 212.4 mm - Dày 4.1 mm đến 16.1 mm - Nặng 1.29 kg</h5>\r\n									</td>\r\n								</tr>\r\n								<tr>\r\n									<td>\r\n										<h5>Thời điểm ra mắt:</h5>\r\n									</td>\r\n									<td>\r\n										<h5>2020</h5>\r\n									</td>\r\n								</tr>\r\n							</tbody>\r\n						</table>', 33490000, 30290000, 30, 'https://cdn.tgdd.vn/Products/Images/44/239552/apple-macbook-air-m1-2020-z124000de-1-org.jpg', 'MacBook Air 13 2020 – Thiết kế nhỏ gọn, cấu hình mạnh mẽ. Macbook của Apple với cấu hình mạnh luôn được người dùng chào đón. Phiên bản MacBook Air năm 2020 cũng không ngoại lệ. MacBook Air 13 2020 sở hữu thiết kế đẹp mắt cùng cấu hình cực khỏe với nhiều tính năng hấp dẫn. Chiếc laptop mỏng nhẹ, cấu hình cao này hứa hẹn sẽ mang lại những trải nghiệm ấn tượng.', 0, 1, 0, 0),
(4, 2, 'MacBook Pro M2 2022 8GB/256GB/10-core GPU (MNEH3SA/A) Bạc', 'MacBook Pro', '8GB', '256GB', '<table class=\"table\">\r\n							<tbody>\r\n								<tr>\r\n									<td>\r\n										<h5>CPU:</h5>\r\n									</td>\r\n									<td>\r\n										<h5>Apple M2100GB/s</h5>\r\n									</td>\r\n								</tr>\r\n								<tr>\r\n									<td>\r\n										<h5>RAM:</h5>\r\n									</td>\r\n									<td>\r\n										<h5>8 GB</h5>\r\n									</td>\r\n								</tr>\r\n								<tr>\r\n									<td>\r\n										<h5>Ổ cứng:</h5>\r\n									</td>\r\n									<td>\r\n										<h5>256 GB SSD</h5>\r\n									</td>\r\n								</tr>\r\n								<tr>\r\n									<td>\r\n										<h5>Màn hình:</h5>\r\n									</td>\r\n									<td>\r\n										<h5>13.3\"Retina (2560 x 1600)</h5>\r\n									</td>\r\n								</tr>\r\n								<tr>\r\n									<td>\r\n										<h5>Card màn hình:</h5>\r\n									</td>\r\n									<td>\r\n										<h5>Card tích hợp, 10 nhân GPU</h5>\r\n									</td>\r\n								</tr>\r\n								<tr>\r\n									<td>\r\n										<h5>Cổng kết nối:</h5>\r\n									</td>\r\n									<td>\r\n										<h5>2 x Thunderbolt 3Jack tai nghe 3.5 mm</h5>\r\n									</td>\r\n								</tr>\r\n								<tr>\r\n									<td>\r\n										<h5>Thiết kế:</h5>\r\n									</td>\r\n									<td>\r\n										<h5>Vỏ kim loại</h5>\r\n									</td>\r\n								</tr>\r\n								<tr>\r\n									<td>\r\n										<h5>Kích thước, khối lượng:</h5>\r\n									</td>\r\n									<td>\r\n										<h5>Dài 304.1 mm - Rộng 212.4 mm - Dày 15.6 mm - Nặng 1.4 kg</h5>\r\n									</td>\r\n								</tr>\r\n								<tr>\r\n									<td>\r\n										<h5>Thời điểm ra mắt:</h5>\r\n									</td>\r\n									<td>\r\n										<h5>6/2022</h5>\r\n									</td>\r\n								</tr>\r\n							</tbody>\r\n						</table>', 35990000, 32890000, 13, 'https://cdn.tgdd.vn/Products/Images/44/282828/apple-macbook-pro-13-inch-m2-2022-1-1.jpg', 'MacBook Pro M2 2022 là siêu phẩm mạnh nhất nhà Táo tính đến thời điểm hiện tại. Sở hữu con chip M2 silicon thế hệ mới mang tới hiệu suất và tốc độ vượt trội so với chip M1, khả năng xử lý đa tác vụ, đồ hoạ tuyệt vời nhờ sức mạnh từ 8-core CPU và 10-core GPU,... MacBook Pro M2 nhận được đánh giá cao từ chuyên gia và tín đồ yêu công nghệ.', 0, 0, 0, 0),
(5, 2, 'MacBook Pro 16 M1 Max 2021 10 core-CPU/32GB/1TB core-GPU (MK1A3SA/A) Bạc', 'MacBook Pro', '32GB', '1TB', '<table class=\"table\">\r\n							<tbody>\r\n								<tr>\r\n									<td>\r\n										<h5>CPU:</h5>\r\n									</td>\r\n									<td>\r\n										<h5>Apple M1 Max400GB/s</h5>\r\n									</td>\r\n								</tr>\r\n								<tr>\r\n									<td>\r\n										<h5>RAM:</h5>\r\n									</td>\r\n									<td>\r\n										<h5>32 GB</h5>\r\n									</td>\r\n								</tr>\r\n								<tr>\r\n									<td>\r\n										<h5>Ổ cứng:</h5>\r\n									</td>\r\n									<td>\r\n										<h5>1 TB SSD</h5>\r\n									</td>\r\n								</tr>\r\n								<tr>\r\n									<td>\r\n										<h5>Màn hình:</h5>\r\n									</td>\r\n									<td>\r\n										<h5>16.2\"Liquid Retina XDR display (3456 x 2234)120Hz</h5>\r\n									</td>\r\n								</tr>\r\n								<tr>\r\n									<td>\r\n										<h5>Card màn hình:</h5>\r\n									</td>\r\n									<td>\r\n										<h5>Card tích hợp, 32 nhân GPU</h5>\r\n									</td>\r\n								</tr>\r\n								<tr>\r\n									<td>\r\n										<h5>Cổng kết nối:</h5>\r\n									</td>\r\n									<td>\r\n										<h5>HDMI3 x Thunderbolt 4 USB-CJack tai nghe 3.5 mm</h5>\r\n									</td>\r\n								</tr>\r\n								<tr>\r\n									<td>\r\n										<h5>Thiết kế:</h5>\r\n									</td>\r\n									<td>\r\n										<h5>Vỏ kim loại nguyên khối</h5>\r\n									</td>\r\n								</tr>\r\n								<tr>\r\n									<td>\r\n										<h5>Kích thước, khối lượng:</h5>\r\n									</td>\r\n									<td>\r\n										<h5>Dài 355.7 mm - Rộng 248.1 mm - Dày 16.8 mm - Nặng 2.2 kg</h5>\r\n									</td>\r\n								</tr>\r\n								<tr>\r\n									<td>\r\n										<h5>Thời điểm ra mắt:</h5>\r\n									</td>\r\n									<td>\r\n										<h5>10/2021</h5>\r\n									</td>\r\n								</tr>\r\n							</tbody>\r\n						</table>', 85990000, 82690000, 15, 'https://cdn.tgdd.vn/Products/Images/44/253582/apple-macbook-pro-16-m1-max-2021-bac-1.jpg', 'MacBook Pro 16 inch với những cải tiến vượt bậc về mặt hiệu năng, hứa hẹn giúp người dùng có trải nghiệm mượt mà trong các tác vụ nặng như chỉnh sửa hình ảnh phức tạp, render video,... hướng đến đối tượng người dùng có nhu cầu sản xuất, sáng tạo nội dung, kỹ thuật, côn nghệ chuyên nghiệp.', 0, 0, 5, 2),
(6, 3, 'iPad Pro M1 11 inch WiFi Cellular 1TB (2021) Xám', 'Ipad Pro', '16GB', '1TB', '<table class=\"table\">\r\n							<tbody>\r\n								<tr>\r\n									<td>\r\n										<h5>Màn hình:</h5>\r\n									</td>\r\n									<td>\r\n										<h5>11\"Liquid Retina</h5>\r\n									</td>\r\n								</tr>\r\n								<tr>\r\n									<td>\r\n										<h5>Hệ điều hành:</h5>\r\n									</td>\r\n									<td>\r\n										<h5>iPadOS 15</h5>\r\n									</td>\r\n								</tr>\r\n								<tr>\r\n									<td>\r\n										<h5>Chip:</h5>\r\n									</td>\r\n									<td>\r\n										<h5>Apple M1</h5>\r\n									</td>\r\n								</tr>\r\n								<tr>\r\n									<td>\r\n										<h5>RAM:</h5>\r\n									</td>\r\n									<td>\r\n										<h5>16 GB</h5>\r\n									</td>\r\n								</tr>\r\n								<tr>\r\n									<td>\r\n										<h5>Dung lượng lưu trữ:</h5>\r\n									</td>\r\n									<td>\r\n										<h5>1 TB</h5>\r\n									</td>\r\n								</tr>\r\n								<tr>\r\n									<td>\r\n										<h5>SIM:</h5>\r\n									</td>\r\n									<td>\r\n										<h5>1 Nano SIM hoặc 1 eSIM</h5>\r\n									</td>\r\n								</tr>\r\n								<tr>\r\n									<td>\r\n										<h5>Camera sau:</h5>\r\n									</td>\r\n									<td>\r\n										<h5>Chính 12 MP & Phụ 10 MP, TOF 3D LiDAR</h5>\r\n									</td>\r\n								</tr>\r\n								<tr>\r\n									<td>\r\n										<h5>Camera trước:</h5>\r\n									</td>\r\n									<td>\r\n										<h5>12 MP</h5>\r\n									</td>\r\n								</tr>\r\n								<tr>\r\n									<td>\r\n										<h5>Pin, Sạc:</h5>\r\n									</td>\r\n									<td>\r\n										<h5>28.65 Wh (~ 7538 mAh)20 W</h5>\r\n									</td>\r\n								</tr>\r\n							</tbody>\r\n						</table>', 46990000, 41990000, 39, 'https://cdn.tgdd.vn/Products/Images/522/269329/pad-pro-m1-11-inch-wifi-cellular-1tb-2021-xam-thumb-600x600.jpeg', 'Máy tính bảng iPad Pro M1 11 inch WiFi Cellular 1TB (2021) thiết kế hình hộp vát cạnh vuông vức, hiện đại với thân máy bằng kim loại chắc chắn, hoàn thiện tỉ mỉ và sang trọng, trọng lượng nhẹ, kích cỡ hợp lý thuận tiện sử dụng và mang theo.', 1, 1, 0, 0),
(7, 3, 'iPad Pro M1 11 inch WiFi 128GB (2021) Xám', 'Ipad Pro', '8GB', '128GB', '<table class=\"table\">\r\n							<tbody>\r\n								<tr>\r\n									<td>\r\n										<h5>Màn hình:</h5>\r\n									</td>\r\n									<td>\r\n										<h5>11\"Liquid Retina</h5>\r\n									</td>\r\n								</tr>\r\n								<tr>\r\n									<td>\r\n										<h5>Hệ điều hành:</h5>\r\n									</td>\r\n									<td>\r\n										<h5>iPadOS 15</h5>\r\n									</td>\r\n								</tr>\r\n								<tr>\r\n									<td>\r\n										<h5>Chip:</h5>\r\n									</td>\r\n									<td>\r\n										<h5>Apple M1</h5>\r\n									</td>\r\n								</tr>\r\n								<tr>\r\n									<td>\r\n										<h5>RAM:</h5>\r\n									</td>\r\n									<td>\r\n										<h5>8 GB</h5>\r\n									</td>\r\n								</tr>\r\n								<tr>\r\n									<td>\r\n										<h5>Dung lượng lưu trữ:</h5>\r\n									</td>\r\n									<td>\r\n										<h5>128 GB</h5>\r\n									</td>\r\n								</tr>\r\n								<tr>\r\n									<td>\r\n										<h5>Camera sau:</h5>\r\n									</td>\r\n									<td>\r\n										<h5>Chính 12 MP & Phụ 10 MP, TOF 3D LiDAR</h5>\r\n									</td>\r\n								</tr>\r\n								<tr>\r\n									<td>\r\n										<h5>Camera trước:</h5>\r\n									</td>\r\n									<td>\r\n										<h5>12 MP</h5>\r\n									</td>\r\n								</tr>\r\n								<tr>\r\n									<td>\r\n										<h5>Pin, Sạc:</h5>\r\n									</td>\r\n									<td>\r\n										<h5>28.65 Wh (~ 7538 mAh)20 W</h5>\r\n									</td>\r\n								</tr>\r\n							</tbody>\r\n						</table>', 22990000, 20490000, 134, 'https://cdn.tgdd.vn/Products/Images/522/237695/ipad-pro-m1-11-inch-wifi-gray-9-600x600.jpg', 'iPad Pro M1 11 inch Wifi 128GB (2021) được gia công rắn chắc bằng khung nhôm, trọng lượng chỉ 466 g cho tổng thể gọn nhẹ giúp người dùng cảm thấy thoải mái, dễ chịu hơn mỗi khi cầm nắm sử dụng.', 1, 0, 0, 0),
(8, 1, 'iPhone 14 Pro 128GB Bạc', 'Iphone 14', '6GB', '128GB', '<table class=\"table\">\r\n							<tbody>\r\n								<tr>\r\n									<td>\r\n										<h5>Màn hình:</h5>\r\n									</td>\r\n									<td>\r\n										<h5>OLED6.1\"Super Retina XDR</h5>\r\n									</td>\r\n								</tr>\r\n								<tr>\r\n									<td>\r\n										<h5>Hệ điều hành:</h5>\r\n									</td>\r\n									<td>\r\n										<h5>iOS 16</h5>\r\n									</td>\r\n								</tr>\r\n								<tr>\r\n									<td>\r\n										<h5>Camera sau:</h5>\r\n									</td>\r\n									<td>\r\n										<h5>Chính 48 MP & Phụ 12 MP, 12 MP</h5>\r\n									</td>\r\n								</tr>\r\n								<tr>\r\n									<td>\r\n										<h5>Camera trước:</h5>\r\n									</td>\r\n									<td>\r\n										<h5>12 MP</h5>\r\n									</td>\r\n								</tr>\r\n								<tr>\r\n									<td>\r\n										<h5>Chip:</h5>\r\n									</td>\r\n									<td>\r\n										<h5>Apple A16 Bionic</h5>\r\n									</td>\r\n								</tr>\r\n								<tr>\r\n									<td>\r\n										<h5>RAM:</h5>\r\n									</td>\r\n									<td>\r\n										<h5>6 GB</h5>\r\n									</td>\r\n								</tr>\r\n								<tr>\r\n									<td>\r\n										<h5>Dung lượng lưu trữ:</h5>\r\n									</td>\r\n									<td>\r\n										<h5>128 GB</h5>\r\n									</td>\r\n								</tr>\r\n								<tr>\r\n									<td>\r\n										<h5>SIM:</h5>\r\n									</td>\r\n									<td>\r\n										<h5>1 Nano SIM & 1 eSIM, Hỗ trợ 5G</h5>\r\n									</td>\r\n								</tr>\r\n								<tr>\r\n									<td>\r\n										<h5>Pin, Sạc:</h5>\r\n									</td>\r\n									<td>\r\n										<h5>3200 mAh, 20 W</h5>\r\n									</td>\r\n								</tr>\r\n							</tbody>\r\n						</table>', 30990000, 30590000, 48, 'https://cdn.tgdd.vn/Products/Images/42/247508/iphone-14-pro-bac-thumb-600x600.jpg', 'Thừa hưởng phong cách thiết kế tối giản, hiện đại của thế hệ iPhone 13 series, iPhone 14 Pro vẫn sở hữu cạnh viền vát phẳng và hệ thống camera được bố trí một cách hợp lý trong một cụm hình vuông. Giờ đây cụm tai thỏ quen thuộc đã được loại bỏ và thay thế vào đó là hình notch độc đáo dễ nhận diện.', 0, 0, 0, 0),
(9, 5, 'Apple Watch S6 40mm viền nhôm dây silicone Đỏ', 'Apple Watch S6', NULL, NULL, '<table class=\"table\">\r\n							<tbody>\r\n								<tr>\r\n									<td>\r\n										<h5>Màn hình:</h5>\r\n									</td>\r\n									<td>\r\n										<h5>OLED 1.57 inch</h5>\r\n									</td>\r\n								</tr>\r\n								<tr>\r\n									<td>\r\n										<h5>Thời lượng pin:</h5>\r\n									</td>\r\n									<td>\r\n										<h5>Khoảng 1.5 ngày</h5>\r\n									</td>\r\n								</tr>\r\n								<tr>\r\n									<td>\r\n										<h5>Kết nối với hệ điều hành:</h5>\r\n									</td>\r\n									<td>\r\n										<h5>iPhone 8 trở lên với iOS phiên bản mới nhất</h5>\r\n									</td>\r\n								</tr>\r\n								<tr>\r\n									<td>\r\n										<h5>Mặt:</h5>\r\n									</td>\r\n									<td>\r\n										<h5>Ion-X strengthened glass</h5>\r\n									</td>\r\n								</tr>\r\n								<tr>\r\n									<td>\r\n										<h5>Tính năng cho sức khỏe:</h5>\r\n									</td>\r\n									<td>\r\n										<h5>Tính lượng calories tiêu thụ, Đo nồng độ oxy (SpO2), Tính quãng đường chạy, Điện tâm đồ, Chế độ luyện tập, Theo dõi giấc ngủ, Đo nhịp timĐếm số bước chân</h5>\r\n									</td>\r\n								</tr>\r\n							</tbody>\r\n						</table>', 9990000, 6493000, 49, 'https://cdn.tgdd.vn/Products/Images/7077/229044/apple-watch-s6-40mm-vien-nhom-day-cao-su-red-do-cont-1-org-org.jpg', 'Apple Watch Series 6 mang đến những nâng cấp hữu ích để hỗ trợ người dùng một cách tối ưu nhất. Nổi bật trong số đó là chip xử lý S6 cải thiện hiệu năng, hệ điều hành WatchOS 7 với nhiều tính năng mới hứa hẹn sẽ mang đến những trải nghiệm tốt hơn, thú vị hơn.', 1, 1, 5, 1),
(10, 5, 'Apple Watch SE 40mm viền nhôm dây silicone Xanh đen', 'Apple Watch SE', NULL, NULL, '<table class=\"table\">\r\n							<tbody>\r\n								<tr>\r\n									<td>\r\n										<h5>Màn hình:</h5>\r\n									</td>\r\n									<td>\r\n										<h5>OLED 1.57 inch</h5>\r\n									</td>\r\n								</tr>\r\n								<tr>\r\n									<td>\r\n										<h5>Thời lượng pin:</h5>\r\n									</td>\r\n									<td>\r\n										<h5>Khoảng 1.5 ngày</h5>\r\n									</td>\r\n								</tr>\r\n								<tr>\r\n									<td>\r\n										<h5>Kết nối với hệ điều hành:</h5>\r\n									</td>\r\n									<td>\r\n										<h5>iPhone 8 trở lên với iOS phiên bản mới nhất</h5>\r\n									</td>\r\n								</tr>\r\n								<tr>\r\n									<td>\r\n										<h5>Mặt:</h5>\r\n									</td>\r\n									<td>\r\n										<h5>Ion-X strengthened glass</h5>\r\n									</td>\r\n								</tr>\r\n								<tr>\r\n									<td>\r\n										<h5>Tính năng cho sức khỏe:</h5>\r\n									</td>\r\n									<td>\r\n										<h5>Tính lượng calories tiêu thụ, Tính quãng đường chạy, Điện tâm đồ, Chế độ luyện tập, Theo dõi giấc ngủ, Đo nhịp timĐếm số bước chân</h5>\r\n									</td>\r\n								</tr>\r\n							</tbody>\r\n						</table>', 8990000, 6742000, 13, 'https://cdn.tgdd.vn/Products/Images/7077/234918/se-40mm-vien-nhom-day-cao-su-xanh-den-01.jpg', 'Apple Watch SE 40mm viền nhôm dây silicone hồng có thiết kế bo tròn 4 góc giúp thao tác vuốt chạm thoải mái hơn. Mặt kính cường lực Ion-X strengthened glass với kích thước 1.57 inch, hiển thị rõ ràng. Khung viền nhôm chắc chắn cùng dây đeo silicone có độ đàn hồi cao, êm ái, tạo cảm giác thoải mái khi đeo.', 0, 0, 0, 0),
(11, 1, 'Iphone 13 Pro Max 128GB Xanh lá', 'Iphone 13', '6GB', '128GB', '<table class=\"table\">\r\n							<tbody>\r\n								<tr>\r\n									<td>\r\n										<h5>Màn hình:</h5>\r\n									</td>\r\n									<td>\r\n										<h5>OLED6.7\"Super Retina XDR</h5>\r\n									</td>\r\n								</tr>\r\n								<tr>\r\n									<td>\r\n										<h5>Hệ điều hành:</h5>\r\n									</td>\r\n									<td>\r\n										<h5>iOS 15</h5>\r\n									</td>\r\n								</tr>\r\n								<tr>\r\n									<td>\r\n										<h5>Camera sau:</h5>\r\n									</td>\r\n									<td>\r\n										<h5>3 camera 12 MP</h5>\r\n									</td>\r\n								</tr>\r\n								<tr>\r\n									<td>\r\n										<h5>Camera trước:</h5>\r\n									</td>\r\n									<td>\r\n										<h5>12 MP</h5>\r\n									</td>\r\n								</tr>\r\n								<tr>\r\n									<td>\r\n										<h5>Chip:</h5>\r\n									</td>\r\n									<td>\r\n										<h5>Apple A15 Bionic</h5>\r\n									</td>\r\n								</tr>\r\n								<tr>\r\n									<td>\r\n										<h5>RAM:</h5>\r\n									</td>\r\n									<td>\r\n										<h5>6 GB</h5>\r\n									</td>\r\n								</tr>\r\n								<tr>\r\n									<td>\r\n										<h5>Dung lượng lưu trữ:</h5>\r\n									</td>\r\n									<td>\r\n										<h5>128 GB</h5>\r\n									</td>\r\n								</tr>\r\n								<tr>\r\n									<td>\r\n										<h5>SIM:</h5>\r\n									</td>\r\n									<td>\r\n										<h5>1 Nano SIM & 1 eSIM, Hỗ trợ 5G</h5>\r\n									</td>\r\n								</tr>\r\n								<tr>\r\n									<td>\r\n										<h5>Pin, Sạc:</h5>\r\n									</td>\r\n									<td>\r\n										<h5>4352 mAh, 20 W</h5>\r\n									</td>\r\n								</tr>\r\n							</tbody>\r\n						</table>', 33990000, 28490000, 29, 'https://cdn.tgdd.vn/Products/Images/42/230529/iphone-13-pro-max-xanh-la-thumb-1-600x600.jpg', 'Điện thoại iPhone 13 Pro Max 128 GB - siêu phẩm được mong chờ nhất ở nửa cuối năm 2021 đến từ Apple. Máy có thiết kế không mấy đột phá khi so với người tiền nhiệm, bên trong đây vẫn là một sản phẩm có màn hình siêu đẹp, tần số quét được nâng cấp lên 120 Hz mượt mà, cảm biến camera có kích thước lớn hơn, cùng hiệu năng mạnh mẽ với sức mạnh đến từ Apple A15 Bionic, sẵn sàng cùng bạn chinh phục mọi thử thách.', 0, 1, 0, 0),
(12, 1, 'Iphone 14 Pro Max 128GB Vàng', 'Iphone 14', '6GB', '128GB', '<table class=\"table\">\r\n							<tbody>\r\n								<tr>\r\n									<td>\r\n										<h5>Màn hình:</h5>\r\n									</td>\r\n									<td>\r\n										<h5>OLED6.7\"Super Retina XDR</h5>\r\n									</td>\r\n								</tr>\r\n								<tr>\r\n									<td>\r\n										<h5>Hệ điều hành:</h5>\r\n									</td>\r\n									<td>\r\n										<h5>iOS 16</h5>\r\n									</td>\r\n								</tr>\r\n								<tr>\r\n									<td>\r\n										<h5>Camera sau:</h5>\r\n									</td>\r\n									<td>\r\n										<h5>Chính 48 MP & Phụ 12 MP, 12 MP</h5>\r\n									</td>\r\n								</tr>\r\n								<tr>\r\n									<td>\r\n										<h5>Camera trước:</h5>\r\n									</td>\r\n									<td>\r\n										<h5>12 MP</h5>\r\n									</td>\r\n								</tr>\r\n								<tr>\r\n									<td>\r\n										<h5>Chip:</h5>\r\n									</td>\r\n									<td>\r\n										<h5>Apple A16 Bionic</h5>\r\n									</td>\r\n								</tr>\r\n								<tr>\r\n									<td>\r\n										<h5>RAM:</h5>\r\n									</td>\r\n									<td>\r\n										<h5>6 GB</h5>\r\n									</td>\r\n								</tr>\r\n								<tr>\r\n									<td>\r\n										<h5>Dung lượng lưu trữ:</h5>\r\n									</td>\r\n									<td>\r\n										<h5>128 GB</h5>\r\n									</td>\r\n								</tr>\r\n								<tr>\r\n									<td>\r\n										<h5>SIM:</h5>\r\n									</td>\r\n									<td>\r\n										<h5>1 Nano SIM & 1 eSIM, Hỗ trợ 5G</h5>\r\n									</td>\r\n								</tr>\r\n								<tr>\r\n									<td>\r\n										<h5>Pin, Sạc:</h5>\r\n									</td>\r\n									<td>\r\n										<h5>4323 mAh, 20 W</h5>\r\n									</td>\r\n								</tr>\r\n							</tbody>\r\n						</table>', 33990000, 33590000, 14, 'https://cdn.nguyenkimmall.com/images/product/829/dien-thoai-iphone-14-pro-max-128gb-vang-1.jpg', 'Sản phẩm có trong mình một diện mạo bắt mắt nhờ lối tạo hình vuông vức bắt trend tương tự thế hệ iPhone 13 series, đây được xem là kiểu thiết kế rất thành công trên các thế hệ trước khi tạo nên cơn sốt toàn cầu về kiểu dáng thiết kế điện thoại cho đến nay. ', 1, 1, 0, 0),
(13, 1, 'Iphone 12 64GB Tím', 'Iphone 12', '4GB', '64GB', '<table class=\"table\">\r\n							<tbody>\r\n								<tr>\r\n									<td>\r\n										<h5>Màn hình:</h5>\r\n									</td>\r\n									<td>\r\n										<h5>OLED6.1\"Super Retina XDR</h5>\r\n									</td>\r\n								</tr>\r\n								<tr>\r\n									<td>\r\n										<h5>Hệ điều hành:</h5>\r\n									</td>\r\n									<td>\r\n										<h5>iOS 15</h5>\r\n									</td>\r\n								</tr>\r\n								<tr>\r\n									<td>\r\n										<h5>Camera sau:</h5>\r\n									</td>\r\n									<td>\r\n										<h5>2 camera 12 MP</h5>\r\n									</td>\r\n								</tr>\r\n								<tr>\r\n									<td>\r\n										<h5>Camera trước:</h5>\r\n									</td>\r\n									<td>\r\n										<h5>12 MP</h5>\r\n									</td>\r\n								</tr>\r\n								<tr>\r\n									<td>\r\n										<h5>Chip:</h5>\r\n									</td>\r\n									<td>\r\n										<h5>Apple A14 Bionic</h5>\r\n									</td>\r\n								</tr>\r\n								<tr>\r\n									<td>\r\n										<h5>RAM:</h5>\r\n									</td>\r\n									<td>\r\n										<h5>4 GB</h5>\r\n									</td>\r\n								</tr>\r\n								<tr>\r\n									<td>\r\n										<h5>Dung lượng lưu trữ:</h5>\r\n									</td>\r\n									<td>\r\n										<h5>64 GB</h5>\r\n									</td>\r\n								</tr>\r\n								<tr>\r\n									<td>\r\n										<h5>SIM:</h5>\r\n									</td>\r\n									<td>\r\n										<h5>1 Nano SIM & 1 eSIM, Hỗ trợ 5G</h5>\r\n									</td>\r\n								</tr>\r\n								<tr>\r\n									<td>\r\n										<h5>Pin, Sạc:</h5>\r\n									</td>\r\n									<td>\r\n										<h5>2815 mAh, 20 W</h5>\r\n									</td>\r\n								</tr>\r\n							</tbody>\r\n						</table>', 19990000, 16990000, 13, 'https://cdn.tgdd.vn/Products/Images/42/213031/iphone-12-violet-1-600x600.jpg', 'Trong những tháng cuối năm 2020, Apple đã chính thức giới thiệu đến người dùng cũng như iFan thế hệ iPhone 12 series mới với hàng loạt tính năng bứt phá, thiết kế được lột xác hoàn toàn, hiệu năng đầy mạnh mẽ và một trong số đó chính là iPhone 12 64GB.', 0, 0, 0, 0),
(14, 1, 'Iphone 12 64GB Đen', 'Iphone 12', '4GB', '64GB', '<table class=\"table\">\r\n							<tbody>\r\n								<tr>\r\n									<td>\r\n										<h5>Màn hình:</h5>\r\n									</td>\r\n									<td>\r\n										<h5>OLED6.1\"Super Retina XDR</h5>\r\n									</td>\r\n								</tr>\r\n								<tr>\r\n									<td>\r\n										<h5>Hệ điều hành:</h5>\r\n									</td>\r\n									<td>\r\n										<h5>iOS 15</h5>\r\n									</td>\r\n								</tr>\r\n								<tr>\r\n									<td>\r\n										<h5>Camera sau:</h5>\r\n									</td>\r\n									<td>\r\n										<h5>2 camera 12 MP</h5>\r\n									</td>\r\n								</tr>\r\n								<tr>\r\n									<td>\r\n										<h5>Camera trước:</h5>\r\n									</td>\r\n									<td>\r\n										<h5>12 MP</h5>\r\n									</td>\r\n								</tr>\r\n								<tr>\r\n									<td>\r\n										<h5>Chip:</h5>\r\n									</td>\r\n									<td>\r\n										<h5>Apple A14 Bionic</h5>\r\n									</td>\r\n								</tr>\r\n								<tr>\r\n									<td>\r\n										<h5>RAM:</h5>\r\n									</td>\r\n									<td>\r\n										<h5>4 GB</h5>\r\n									</td>\r\n								</tr>\r\n								<tr>\r\n									<td>\r\n										<h5>Dung lượng lưu trữ:</h5>\r\n									</td>\r\n									<td>\r\n										<h5>64 GB</h5>\r\n									</td>\r\n								</tr>\r\n								<tr>\r\n									<td>\r\n										<h5>SIM:</h5>\r\n									</td>\r\n									<td>\r\n										<h5>1 Nano SIM & 1 eSIM, Hỗ trợ 5G</h5>\r\n									</td>\r\n								</tr>\r\n								<tr>\r\n									<td>\r\n										<h5>Pin, Sạc:</h5>\r\n									</td>\r\n									<td>\r\n										<h5>2815 mAh, 20 W</h5>\r\n									</td>\r\n								</tr>\r\n							</tbody>\r\n						</table>', 19990000, 16990000, 13, 'https://www.nguyenkim.com/images/detailed/698/10047698-dien-thoai-iphone-12-64gb-den-1.jpg', 'Trong những tháng cuối năm 2020, Apple đã chính thức giới thiệu đến người dùng cũng như iFan thế hệ iPhone 12 series mới với hàng loạt tính năng bứt phá, thiết kế được lột xác hoàn toàn, hiệu năng đầy mạnh mẽ và một trong số đó chính là iPhone 12 64GB.', 0, 1, 0, 0),
(15, 1, 'Iphone 13 Pro Max 128GB Xám', 'Iphone 13', '6GB', '128GB', '<table class=\"table\">\r\n							<tbody>\r\n								<tr>\r\n									<td>\r\n										<h5>Màn hình:</h5>\r\n									</td>\r\n									<td>\r\n										<h5>OLED6.7\"Super Retina XDR</h5>\r\n									</td>\r\n								</tr>\r\n								<tr>\r\n									<td>\r\n										<h5>Hệ điều hành:</h5>\r\n									</td>\r\n									<td>\r\n										<h5>iOS 15</h5>\r\n									</td>\r\n								</tr>\r\n								<tr>\r\n									<td>\r\n										<h5>Camera sau:</h5>\r\n									</td>\r\n									<td>\r\n										<h5>3 camera 12 MP</h5>\r\n									</td>\r\n								</tr>\r\n								<tr>\r\n									<td>\r\n										<h5>Camera trước:</h5>\r\n									</td>\r\n									<td>\r\n										<h5>12 MP</h5>\r\n									</td>\r\n								</tr>\r\n								<tr>\r\n									<td>\r\n										<h5>Chip:</h5>\r\n									</td>\r\n									<td>\r\n										<h5>Apple A15 Bionic</h5>\r\n									</td>\r\n								</tr>\r\n								<tr>\r\n									<td>\r\n										<h5>RAM:</h5>\r\n									</td>\r\n									<td>\r\n										<h5>6 GB</h5>\r\n									</td>\r\n								</tr>\r\n								<tr>\r\n									<td>\r\n										<h5>Dung lượng lưu trữ:</h5>\r\n									</td>\r\n									<td>\r\n										<h5>128 GB</h5>\r\n									</td>\r\n								</tr>\r\n								<tr>\r\n									<td>\r\n										<h5>SIM:</h5>\r\n									</td>\r\n									<td>\r\n										<h5>1 Nano SIM & 1 eSIM, Hỗ trợ 5G</h5>\r\n									</td>\r\n								</tr>\r\n								<tr>\r\n									<td>\r\n										<h5>Pin, Sạc:</h5>\r\n									</td>\r\n									<td>\r\n										<h5>4352 mAh, 20 W</h5>\r\n									</td>\r\n								</tr>\r\n							</tbody>\r\n						</table>', 33990000, 28490000, 26, 'https://www.nguyenkim.com/images/detailed/756/dien-thoai-iphone-13-pro-max-512gb-xam-1.jpg', 'Điện thoại iPhone 13 Pro Max 128 GB - siêu phẩm được mong chờ nhất ở nửa cuối năm 2021 đến từ Apple. Máy có thiết kế không mấy đột phá khi so với người tiền nhiệm, bên trong đây vẫn là một sản phẩm có màn hình siêu đẹp, tần số quét được nâng cấp lên 120 Hz mượt mà, cảm biến camera có kích thước lớn hơn, cùng hiệu năng mạnh mẽ với sức mạnh đến từ Apple A15 Bionic, sẵn sàng cùng bạn chinh phục mọi thử thách.', 0, 1, 0, 0),
(16, 2, 'MacBook Air M1 2020 16GB/256GB/7-core GPU (Z124000DE) Vàng', 'MacBook Air', '16GB', '256GB', '<table class=\"table\">\r\n							<tbody>\r\n								<tr>\r\n									<td>\r\n										<h5>CPU:</h5>\r\n									</td>\r\n									<td>\r\n										<h5>Apple M1</h5>\r\n									</td>\r\n								</tr>\r\n								<tr>\r\n									<td>\r\n										<h5>RAM:</h5>\r\n									</td>\r\n									<td>\r\n										<h5>16 GB</h5>\r\n									</td>\r\n								</tr>\r\n								<tr>\r\n									<td>\r\n										<h5>Ổ cứng:</h5>\r\n									</td>\r\n									<td>\r\n										<h5>256 GB SSD</h5>\r\n									</td>\r\n								</tr>\r\n								<tr>\r\n									<td>\r\n										<h5>Màn hình:</h5>\r\n									</td>\r\n									<td>\r\n										<h5>13.3\"Retina (2560 x 1600)</h5>\r\n									</td>\r\n								</tr>\r\n								<tr>\r\n									<td>\r\n										<h5>Card màn hình:</h5>\r\n									</td>\r\n									<td>\r\n										<h5>Card tích hợp7 nhân GPU</h5>\r\n									</td>\r\n								</tr>\r\n								<tr>\r\n									<td>\r\n										<h5>Cổng kết nối:</h5>\r\n									</td>\r\n									<td>\r\n										<h5>2 x Thunderbolt 3 (USB-C)Jack tai nghe 3.5 mm</h5>\r\n									</td>\r\n								</tr>\r\n								<tr>\r\n									<td>\r\n										<h5>Thiết kế:</h5>\r\n									</td>\r\n									<td>\r\n										<h5>Vỏ kim loại nguyên khối</h5>\r\n									</td>\r\n								</tr>\r\n								<tr>\r\n									<td>\r\n										<h5>Kích thước, khối lượng:</h5>\r\n									</td>\r\n									<td>\r\n										<h5>Dài 304.1 mm - Rộng 212.4 mm - Dày 4.1 mm đến 16.1 mm - Nặng 1.29 kg</h5>\r\n									</td>\r\n								</tr>\r\n								<tr>\r\n									<td>\r\n										<h5>Thời điểm ra mắt:</h5>\r\n									</td>\r\n									<td>\r\n										<h5>2020</h5>\r\n									</td>\r\n								</tr>\r\n							</tbody>\r\n						</table>', 33490000, 30290000, 54, 'https://cdn.tgdd.vn/Products/Images/44/239552/macbook-air-m1-2020-gold-01-org.jpg', 'MacBook Air 13 2020 – Thiết kế nhỏ gọn, cấu hình mạnh mẽ. Macbook của Apple với cấu hình mạnh luôn được người dùng chào đón. Phiên bản MacBook Air năm 2020 cũng không ngoại lệ. MacBook Air 13 2020 sở hữu thiết kế đẹp mắt cùng cấu hình cực khỏe với nhiều tính năng hấp dẫn. Chiếc laptop mỏng nhẹ, cấu hình cao này hứa hẹn sẽ mang lại những trải nghiệm ấn tượng.', 0, 1, 0, 0),
(17, 2, 'MacBook Pro M2 2022 8GB/256GB/10-core GPU (MNEH3SA/A) Xám', 'MacBook Pro', '8GB', '256GB', '<table class=\"table\">\r\n							<tbody>\r\n								<tr>\r\n									<td>\r\n										<h5>CPU:</h5>\r\n									</td>\r\n									<td>\r\n										<h5>Apple M2100GB/s</h5>\r\n									</td>\r\n								</tr>\r\n								<tr>\r\n									<td>\r\n										<h5>RAM:</h5>\r\n									</td>\r\n									<td>\r\n										<h5>8 GB</h5>\r\n									</td>\r\n								</tr>\r\n								<tr>\r\n									<td>\r\n										<h5>Ổ cứng:</h5>\r\n									</td>\r\n									<td>\r\n										<h5>256 GB SSD</h5>\r\n									</td>\r\n								</tr>\r\n								<tr>\r\n									<td>\r\n										<h5>Màn hình:</h5>\r\n									</td>\r\n									<td>\r\n										<h5>13.3\"Retina (2560 x 1600)</h5>\r\n									</td>\r\n								</tr>\r\n								<tr>\r\n									<td>\r\n										<h5>Card màn hình:</h5>\r\n									</td>\r\n									<td>\r\n										<h5>Card tích hợp, 10 nhân GPU</h5>\r\n									</td>\r\n								</tr>\r\n								<tr>\r\n									<td>\r\n										<h5>Cổng kết nối:</h5>\r\n									</td>\r\n									<td>\r\n										<h5>2 x Thunderbolt 3Jack tai nghe 3.5 mm</h5>\r\n									</td>\r\n								</tr>\r\n								<tr>\r\n									<td>\r\n										<h5>Thiết kế:</h5>\r\n									</td>\r\n									<td>\r\n										<h5>Vỏ kim loại</h5>\r\n									</td>\r\n								</tr>\r\n								<tr>\r\n									<td>\r\n										<h5>Kích thước, khối lượng:</h5>\r\n									</td>\r\n									<td>\r\n										<h5>Dài 304.1 mm - Rộng 212.4 mm - Dày 15.6 mm - Nặng 1.4 kg</h5>\r\n									</td>\r\n								</tr>\r\n								<tr>\r\n									<td>\r\n										<h5>Thời điểm ra mắt:</h5>\r\n									</td>\r\n									<td>\r\n										<h5>6/2022</h5>\r\n									</td>\r\n								</tr>\r\n							</tbody>\r\n						</table>', 35990000, 32890000, 12, 'https://cdn.tgdd.vn/Products/Images/44/282828/apple-macbook-pro-13-inch-m2-2022-1.jpg', 'MacBook Pro M2 2022 là siêu phẩm mạnh nhất nhà Táo tính đến thời điểm hiện tại. Sở hữu con chip M2 silicon thế hệ mới mang tới hiệu suất và tốc độ vượt trội so với chip M1, khả năng xử lý đa tác vụ, đồ hoạ tuyệt vời nhờ sức mạnh từ 8-core CPU và 10-core GPU,... MacBook Pro M2 nhận được đánh giá cao từ chuyên gia và tín đồ yêu công nghệ.', 1, 0, 0, 0),
(18, 2, 'MacBook Pro 16 M1 Max 2021 10 core-CPU/32GB/1TB core-GPU (MK1A3SA/A) Xám', 'MacBook Pro', '32GB', '1TB', '<table class=\"table\">\r\n							<tbody>\r\n								<tr>\r\n									<td>\r\n										<h5>CPU:</h5>\r\n									</td>\r\n									<td>\r\n										<h5>Apple M1 Max400GB/s</h5>\r\n									</td>\r\n								</tr>\r\n								<tr>\r\n									<td>\r\n										<h5>RAM:</h5>\r\n									</td>\r\n									<td>\r\n										<h5>32 GB</h5>\r\n									</td>\r\n								</tr>\r\n								<tr>\r\n									<td>\r\n										<h5>Ổ cứng:</h5>\r\n									</td>\r\n									<td>\r\n										<h5>1 TB SSD</h5>\r\n									</td>\r\n								</tr>\r\n								<tr>\r\n									<td>\r\n										<h5>Màn hình:</h5>\r\n									</td>\r\n									<td>\r\n										<h5>16.2\"Liquid Retina XDR display (3456 x 2234)120Hz</h5>\r\n									</td>\r\n								</tr>\r\n								<tr>\r\n									<td>\r\n										<h5>Card màn hình:</h5>\r\n									</td>\r\n									<td>\r\n										<h5>Card tích hợp, 32 nhân GPU</h5>\r\n									</td>\r\n								</tr>\r\n								<tr>\r\n									<td>\r\n										<h5>Cổng kết nối:</h5>\r\n									</td>\r\n									<td>\r\n										<h5>HDMI3 x Thunderbolt 4 USB-CJack tai nghe 3.5 mm</h5>\r\n									</td>\r\n								</tr>\r\n								<tr>\r\n									<td>\r\n										<h5>Thiết kế:</h5>\r\n									</td>\r\n									<td>\r\n										<h5>Vỏ kim loại nguyên khối</h5>\r\n									</td>\r\n								</tr>\r\n								<tr>\r\n									<td>\r\n										<h5>Kích thước, khối lượng:</h5>\r\n									</td>\r\n									<td>\r\n										<h5>Dài 355.7 mm - Rộng 248.1 mm - Dày 16.8 mm - Nặng 2.2 kg</h5>\r\n									</td>\r\n								</tr>\r\n								<tr>\r\n									<td>\r\n										<h5>Thời điểm ra mắt:</h5>\r\n									</td>\r\n									<td>\r\n										<h5>10/2021</h5>\r\n									</td>\r\n								</tr>\r\n							</tbody>\r\n						</table>', 85990000, 82690000, 0, 'https://cdn.tgdd.vn/Products/Images/44/253582/apple-macbook-pro-16-m1-max-2021-1.jpg', 'MacBook Pro 16 inch với những cải tiến vượt bậc về mặt hiệu năng, hứa hẹn giúp người dùng có trải nghiệm mượt mà trong các tác vụ nặng như chỉnh sửa hình ảnh phức tạp, render video,... hướng đến đối tượng người dùng có nhu cầu sản xuất, sáng tạo nội dung, kỹ thuật, côn nghệ chuyên nghiệp.', 0, 0, 5, 2),
(19, 2, 'MacBook Pro 14 M1 Max 2021 10-core CPU/32GB/512GB/24-core GPU (Z15G) Xám', 'MacBook Pro', '32GB', '512GB', '<table class=\"table\">\r\n							<tbody>\r\n								<tr>\r\n									<td>\r\n										<h5>CPU:</h5>\r\n									</td>\r\n									<td>\r\n										<h5>Apple M1 Max400GB/s</h5>\r\n									</td>\r\n								</tr>\r\n								<tr>\r\n									<td>\r\n										<h5>RAM:</h5>\r\n									</td>\r\n									<td>\r\n										<h5>32 GB</h5>\r\n									</td>\r\n								</tr>\r\n								<tr>\r\n									<td>\r\n										<h5>Ổ cứng:</h5>\r\n									</td>\r\n									<td>\r\n										<h5>512 GB SSD</h5>\r\n									</td>\r\n								</tr>\r\n								<tr>\r\n									<td>\r\n										<h5>Màn hình:</h5>\r\n									</td>\r\n									<td>\r\n										<h5>14.2\"Liquid Retina XDR display (3024 x 1964)120Hz</h5>\r\n									</td>\r\n								</tr>\r\n								<tr>\r\n									<td>\r\n										<h5>Card màn hình:</h5>\r\n									</td>\r\n									<td>\r\n										<h5>Card tích hợp, 24 nhân GPU</h5>\r\n									</td>\r\n								</tr>\r\n								<tr>\r\n									<td>\r\n										<h5>Cổng kết nối:</h5>\r\n									</td>\r\n									<td>\r\n										<h5>HDMI3 x Thunderbolt 4 USB-CJack tai nghe 3.5 mm</h5>\r\n									</td>\r\n								</tr>\r\n								<tr>\r\n									<td>\r\n										<h5>Thiết kế:</h5>\r\n									</td>\r\n									<td>\r\n										<h5>Vỏ kim loại nguyên khối</h5>\r\n									</td>\r\n								</tr>\r\n								<tr>\r\n									<td>\r\n										<h5>Kích thước, khối lượng:</h5>\r\n									</td>\r\n									<td>\r\n										<h5>Dài 312.6 mm - Rộng 221.2 mm - Dày 15.5 mm - Nặng 1.6 kg</h5>\r\n									</td>\r\n								</tr>\r\n								<tr>\r\n									<td>\r\n										<h5>Thời điểm ra mắt:</h5>\r\n									</td>\r\n									<td>\r\n										<h5>10/2021</h5>\r\n									</td>\r\n								</tr>\r\n							</tbody>\r\n						</table>', 71900000, 63600000, 35, 'https://cdn.tgdd.vn/Products/Images/44/263914/macbook-pro-14-m1-max-2021-10-core-cpu-xam-1.jpg', 'Khoác lên mình vẻ ngoài mới lạ so với các dòng Mac trước đó, thiết kế màn hình tai thỏ ấn tượng, bắt mắt cùng bộ hiệu năng đỉnh cao M1 Max mạnh mẽ, MacBook Pro 14 inch M1 Max 2021 xứng tầm là chiếc laptop cao cấp chuyên dụng dành cho dân kỹ thuật - đồ họa, sáng tạo nội dung.', 1, 1, 0, 0),
(20, 3, 'iPad Pro M1 11 inch WiFi Cellular 2TB (2021) Bạc', 'Ipad Pro', '16GB', '2TB', '<table class=\"table\">\r\n							<tbody>\r\n								<tr>\r\n									<td>\r\n										<h5>Màn hình:</h5>\r\n									</td>\r\n									<td>\r\n										<h5>11\"Liquid Retina</h5>\r\n									</td>\r\n								</tr>\r\n								<tr>\r\n									<td>\r\n										<h5>Hệ điều hành:</h5>\r\n									</td>\r\n									<td>\r\n										<h5>iPadOS 15</h5>\r\n									</td>\r\n								</tr>\r\n								<tr>\r\n									<td>\r\n										<h5>Chip:</h5>\r\n									</td>\r\n									<td>\r\n										<h5>Apple M1</h5>\r\n									</td>\r\n								</tr>\r\n								<tr>\r\n									<td>\r\n										<h5>RAM:</h5>\r\n									</td>\r\n									<td>\r\n										<h5>16 GB</h5>\r\n									</td>\r\n								</tr>\r\n								<tr>\r\n									<td>\r\n										<h5>Dung lượng lưu trữ:</h5>\r\n									</td>\r\n									<td>\r\n										<h5>2 TB</h5>\r\n									</td>\r\n								</tr>\r\n								<tr>\r\n									<td>\r\n										<h5>SIM:</h5>\r\n									</td>\r\n									<td>\r\n										<h5>1 Nano SIM hoặc 1 eSIM</h5>\r\n									</td>\r\n								</tr>\r\n								<tr>\r\n									<td>\r\n										<h5>Camera sau:</h5>\r\n									</td>\r\n									<td>\r\n										<h5>Chính 12 MP & Phụ 10 MP, TOF 3D LiDAR</h5>\r\n									</td>\r\n								</tr>\r\n								<tr>\r\n									<td>\r\n										<h5>Camera trước:</h5>\r\n									</td>\r\n									<td>\r\n										<h5>12 MP</h5>\r\n									</td>\r\n								</tr>\r\n								<tr>\r\n									<td>\r\n										<h5>Pin, Sạc:</h5>\r\n									</td>\r\n									<td>\r\n										<h5>28.65 Wh (~ 7538 mAh), 20 W</h5>\r\n									</td>\r\n								</tr>\r\n							</tbody>\r\n						</table>', 55990000, 50990000, 39, 'https://cdn.tgdd.vn/Products/Images/522/269327/ipad-pro-m1-11-inch-wifi-1tb-2021-bac-thumb-600x600.jpeg', 'Máy tính bảng iPad Pro M1 11 inch WiFi Cellular 1TB (2021) thiết kế hình hộp vát cạnh vuông vức, hiện đại với thân máy bằng kim loại chắc chắn, hoàn thiện tỉ mỉ và sang trọng, trọng lượng nhẹ, kích cỡ hợp lý thuận tiện sử dụng và mang theo.', 0, 0, 3, 1),
(21, 2, 'MacBook Pro 14 M1 Pro 2021 10-core CPU/32GB/512GB/16-core GPU (Z15J001N0) Bạc', 'MacBook Pro', '32GB', '512GB', '<table class=\"table\">\r\n							<tbody>\r\n								<tr>\r\n									<td>\r\n										<h5>CPU:</h5>\r\n									</td>\r\n									<td>\r\n										<h5>Apple M1 Pro200GB/s</h5>\r\n									</td>\r\n								</tr>\r\n								<tr>\r\n									<td>\r\n										<h5>RAM:</h5>\r\n									</td>\r\n									<td>\r\n										<h5>32 GB</h5>\r\n									</td>\r\n								</tr>\r\n								<tr>\r\n									<td>\r\n										<h5>Ổ cứng:</h5>\r\n									</td>\r\n									<td>\r\n										<h5>512 GB SSD</h5>\r\n									</td>\r\n								</tr>\r\n								<tr>\r\n									<td>\r\n										<h5>Màn hình:</h5>\r\n									</td>\r\n									<td>\r\n										<h5>14.2\"Liquid Retina XDR display (3024 x 1964)120Hz</h5>\r\n									</td>\r\n								</tr>\r\n								<tr>\r\n									<td>\r\n										<h5>Card màn hình:</h5>\r\n									</td>\r\n									<td>\r\n										<h5>Card tích hợp, 16 nhân GPU</h5>\r\n									</td>\r\n								</tr>\r\n								<tr>\r\n									<td>\r\n										<h5>Cổng kết nối:</h5>\r\n									</td>\r\n									<td>\r\n										<h5>HDMI3 x Thunderbolt 4 USB-CJack tai nghe 3.5 mm</h5>\r\n									</td>\r\n								</tr>\r\n								<tr>\r\n									<td>\r\n										<h5>Thiết kế:</h5>\r\n									</td>\r\n									<td>\r\n										<h5>Vỏ kim loại nguyên khối</h5>\r\n									</td>\r\n								</tr>\r\n								<tr>\r\n									<td>\r\n										<h5>Kích thước, khối lượng:</h5>\r\n									</td>\r\n									<td>\r\n										<h5>Dài 312.6 mm - Rộng 221.2 mm - Dày 15.5 mm - Nặng 1.6 kg</h5>\r\n									</td>\r\n								</tr>\r\n								<tr>\r\n									<td>\r\n										<h5>Thời điểm ra mắt:</h5>\r\n									</td>\r\n									<td>\r\n										<h5>10/2021</h5>\r\n									</td>\r\n								</tr>\r\n							</tbody>\r\n						</table>', 71900000, 63050000, 0, 'https://cdn.tgdd.vn/Products/Images/44/275442/macbook-pro-14-inch-m1-pro-2021-10-core-cpu-bac-1.jpg', 'Khoác lên mình vẻ ngoài mới lạ so với các dòng Mac trước đó, thiết kế màn hình tai thỏ ấn tượng, bắt mắt cùng bộ hiệu năng đỉnh cao M1 Max mạnh mẽ, MacBook Pro 14 inch M1 Max 2021 xứng tầm là chiếc laptop cao cấp chuyên dụng dành cho dân kỹ thuật - đồ họa, sáng tạo nội dung.', 0, 0, 0, 0),
(22, 3, 'iPad Pro M2 12.9 inch WiFi Cellular 256GB Bạc', 'Ipad Pro', '16GB', '256GB', '<table class=\"table\">\r\n							<tbody>\r\n								<tr>\r\n									<td>\r\n										<h5>Màn hình:</h5>\r\n									</td>\r\n									<td>\r\n										<h5>11\"Liquid Retina</h5>\r\n									</td>\r\n								</tr>\r\n								<tr>\r\n									<td>\r\n										<h5>Hệ điều hành:</h5>\r\n									</td>\r\n									<td>\r\n										<h5>iPadOS 15</h5>\r\n									</td>\r\n								</tr>\r\n								<tr>\r\n									<td>\r\n										<h5>Chip:</h5>\r\n									</td>\r\n									<td>\r\n										<h5>Apple M1</h5>\r\n									</td>\r\n								</tr>\r\n								<tr>\r\n									<td>\r\n										<h5>RAM:</h5>\r\n									</td>\r\n									<td>\r\n										<h5>8 GB</h5>\r\n									</td>\r\n								</tr>\r\n								<tr>\r\n									<td>\r\n										<h5>Dung lượng lưu trữ:</h5>\r\n									</td>\r\n									<td>\r\n										<h5>256 GB</h5>\r\n									</td>\r\n								</tr>\r\n								<tr>\r\n									<td>\r\n										<h5>SIM:</h5>\r\n									</td>\r\n									<td>\r\n										<h5>1 Nano SIM hoặc 1 eSIM</h5>\r\n									</td>\r\n								</tr>\r\n								<tr>\r\n									<td>\r\n										<h5>Camera sau:</h5>\r\n									</td>\r\n									<td>\r\n										<h5>Chính 12 MP & Phụ 10 MP, TOF 3D LiDAR</h5>\r\n									</td>\r\n								</tr>\r\n								<tr>\r\n									<td>\r\n										<h5>Camera trước:</h5>\r\n									</td>\r\n									<td>\r\n										<h5>12 MP</h5>\r\n									</td>\r\n								</tr>\r\n								<tr>\r\n									<td>\r\n										<h5>Pin, Sạc:</h5>\r\n									</td>\r\n									<td>\r\n										<h5>28.65 Wh (~ 7538 mAh), 20 W</h5>\r\n									</td>\r\n								</tr>\r\n							</tbody>\r\n						</table>', 39990000, 38990000, 39, 'https://cdn.tgdd.vn/Products/Images/522/295468/ipad-pro-m2-12.5-inch-wifi-5g-bac-thumb-600x600.jpg', 'Sau chuỗi sản phẩm iPhone 14 series được ra mắt thì Apple tiếp tục giới thiệu đến người dùng các mẫu iPad 2022. Trong đó máy tính bảng iPad Pro M2 12.9 inch WiFi Cellular 256GB được nhiều người dùng quan tâm bởi cấu hình mạnh mẽ, màn hình lớn phục vụ tốt cho công việc lẫn giải trí.', 0, 0, 3, 1),
(23, 5, 'Apple Watch Series 7 LTE 41mm Trắng', 'Apple Watch S7', NULL, NULL, '<table class=\"table\">\r\n							<tbody>\r\n								<tr>\r\n									<td>\r\n										<h5>Màn hình:</h5>\r\n									</td>\r\n									<td>\r\n										<h5>OLED 1.61 inch</h5>\r\n									</td>\r\n								</tr>\r\n								<tr>\r\n									<td>\r\n										<h5>Thời lượng pin:</h5>\r\n									</td>\r\n									<td>\r\n										<h5>Khoảng 18 giờ (ở chế độ sử dụng thông thường)Khoảng 1.5 ngày (ở chế độ tiết kiệm pin)</h5>\r\n									</td>\r\n								</tr>\r\n								<tr>\r\n									<td>\r\n										<h5>Kết nối với hệ điều hành:</h5>\r\n									</td>\r\n									<td>\r\n										<h5>iPhone 8 trở lên với iOS phiên bản mới nhất</h5>\r\n									</td>\r\n								</tr>\r\n								<tr>\r\n									<td>\r\n										<h5>Mặt:</h5>\r\n									</td>\r\n									<td>\r\n										<h5>Ion-X strengthened glass</h5>\r\n									</td>\r\n								</tr>\r\n								<tr>\r\n									<td>\r\n										<h5>Tính năng cho sức khỏe:</h5>\r\n									</td>\r\n									<td>\r\n										<h5>Tính lượng calories tiêu thụ, Tính quãng đường chạy, Điện tâm đồ, Chế độ luyện tập, Theo dõi giấc ngủ, Đo nhịp timĐếm số bước chân</h5>\r\n									</td>\r\n								</tr>\r\n							</tbody>\r\n						</table>', 14990000, 12690000, 15, 'https://cdn.tgdd.vn/Products/Images/7077/250639/apple-watch-s7-lte-41mm-vang-1.jpg', 'Thiết kế của Apple Watch S7 GPS thừa hưởng nhiều nét tương đồng với \"người anh\" Apple Watch S6 nhưng các góc cạnh được vát tròn mềm mại hơn mang đến cho người đeo cảm giác thanh lịch nhưng không kém phần năng động. Chiếc smartwatch thế hệ thứ 7 được nhà Táo trang bị màn hình OLED 1.61 inch với viền màn hình mỏng hơn 40%, nâng diện tích màn hình lên 20% và nội dung hiển thị trên màn hình cũng nhiều hơn 50% so với thế hệ cũ.', 1, 0, 0, 0);
INSERT INTO `sanpham` (`MaSP`, `MaLSP`, `TenSP`, `TenSeries`, `Ram`, `Rom`, `ChiTiet`, `GiaGoc`, `GiaTien`, `SoLuong`, `HinhAnh`, `MoTa`, `New`, `Hot`, `SoSao`, `SoDanhGia`) VALUES
(24, 5, 'Apple Watch Series 7 GPS 41mm Xanh dương', 'Apple Watch S7', NULL, NULL, '<table class=\"table\">\r\n							<tbody>\r\n								<tr>\r\n									<td>\r\n										<h5>Màn hình:</h5>\r\n									</td>\r\n									<td>\r\n										<h5>OLED 1.57 inch</h5>\r\n									</td>\r\n								</tr>\r\n								<tr>\r\n									<td>\r\n										<h5>Thời lượng pin:</h5>\r\n									</td>\r\n									<td>\r\n										<h5>Khoảng 1.5 ngày</h5>\r\n									</td>\r\n								</tr>\r\n								<tr>\r\n									<td>\r\n										<h5>Kết nối với hệ điều hành:</h5>\r\n									</td>\r\n									<td>\r\n										<h5>iPhone 8 trở lên với iOS phiên bản mới nhất</h5>\r\n									</td>\r\n								</tr>\r\n								<tr>\r\n									<td>\r\n										<h5>Mặt:</h5>\r\n									</td>\r\n									<td>\r\n										<h5>Ion-X strengthened glass</h5>\r\n									</td>\r\n								</tr>\r\n								<tr>\r\n									<td>\r\n										<h5>Tính năng cho sức khỏe:</h5>\r\n									</td>\r\n									<td>\r\n										<h5>Tính lượng calories tiêu thụ, Tính quãng đường chạy, Điện tâm đồ, Chế độ luyện tập, Theo dõi giấc ngủ, Đo nhịp timĐếm số bước chân</h5>\r\n									</td>\r\n								</tr>\r\n							</tbody>\r\n						</table>', 11990000, 9990000, 59, 'https://cdn.tgdd.vn/Products/Images/7077/249906/apple-watch-s7-41mm-gps-xanh-duong-1-1.jpg', 'Thiết kế của Apple Watch S7 GPS thừa hưởng nhiều nét tương đồng với \"người anh\" Apple Watch S6 nhưng các góc cạnh được vát tròn mềm mại hơn mang đến cho người đeo cảm giác thanh lịch nhưng không kém phần năng động. Chiếc smartwatch thế hệ thứ 7 được nhà Táo trang bị màn hình OLED 1.61 inch với viền màn hình mỏng hơn 40%, nâng diện tích màn hình lên 20% và nội dung hiển thị trên màn hình cũng nhiều hơn 50% so với thế hệ cũ.', 1, 0, 0, 0),
(25, 5, ' Apple Watch S8 LTE 41mm dây thép Vàng', 'Apple Watch S8', NULL, NULL, '<table class=\"table\">\r\n							<tbody>\r\n								<tr>\r\n									<td>\r\n										<h5>Màn hình:</h5>\r\n									</td>\r\n									<td>\r\n										<h5>OLED 1.9 inch</h5>\r\n									</td>\r\n								</tr>\r\n								<tr>\r\n									<td>\r\n										<h5>Thời lượng pin:</h5>\r\n									</td>\r\n									<td>\r\n										<h5>Khoảng 18 giờ (ở chế độ sử dụng thông thường), Khoảng 1.5 ngày (ở chế độ tiết kiệm pin)</h5>\r\n									</td>\r\n								</tr>\r\n								<tr>\r\n									<td>\r\n										<h5>Kết nối với hệ điều hành:</h5>\r\n									</td>\r\n									<td>\r\n										<h5>iPhone 8 trở lên với iOS phiên bản mới nhất</h5>\r\n									</td>\r\n								</tr>\r\n								<tr>\r\n									<td>\r\n										<h5>Mặt:</h5>\r\n									</td>\r\n									<td>\r\n										<h5>Kính Sapphire, 41 mm</h5>\r\n									</td>\r\n								</tr>\r\n								<tr>\r\n									<td>\r\n										<h5>Tính năng cho sức khỏe:</h5>\r\n									</td>\r\n									<td>\r\n										<h5>Theo dõi chu kì kinh nguyệt, Tính quãng đường chạy, Nhắc nhở nhịp tim cao, thấpTheo dõi mức độ stress, Đo nồng độ oxy (SpO2), Đếm số bước chân, Chấm điểm giấc ngủ, Theo dõi giấc ngủ, Điện tâm đồ, Đo lượng tiêu thụ oxy tối đa (VO2 max), Ước tính ngày rụng trứng, Cảm biến nhiệt độ, Đo nhịp tim</h5>\r\n									</td>\r\n								</tr>\r\n							</tbody>\r\n						</table>', 21990000, 21190000, 5, 'https://cdn.tgdd.vn/Products/Images/7077/289840/apple-watch-s8-lte-41mm-day-thep-vang-1.jpg', 'Đồng hồ thông minh Apple Watch S8 LTE 41mm dây thép với định hướng là một trong những dòng sản phẩm cao cấp đứng đầu trong phân khúc nên được hãng trang bị cho nhiều tính năng cao cấp. Ngoài ra, đồng hồ còn khoác lên mình diện mạo thời thượng, giúp cho người đeo toát lên vẻ thần thái.', 1, 0, 0, 0),
(26, 1, 'iPhone 13 mini 128GB Hồng', 'Iphone 13', '4GB', '128GB', '<table class=\"table\">\r\n							<tbody>\r\n								<tr>\r\n									<td>\r\n										<h5>Màn hình:</h5>\r\n									</td>\r\n									<td>\r\n										<h5>OLED5.4\"Super Retina XDR</h5>\r\n									</td>\r\n								</tr>\r\n								<tr>\r\n									<td>\r\n										<h5>Hệ điều hành:</h5>\r\n									</td>\r\n									<td>\r\n										<h5>iOS 15</h5>\r\n									</td>\r\n								</tr>\r\n								<tr>\r\n									<td>\r\n										<h5>Camera sau:</h5>\r\n									</td>\r\n									<td>\r\n										<h5>2 camera 12 MP</h5>\r\n									</td>\r\n								</tr>\r\n								<tr>\r\n									<td>\r\n										<h5>Camera trước:</h5>\r\n									</td>\r\n									<td>\r\n										<h5>12 MP</h5>\r\n									</td>\r\n								</tr>\r\n								<tr>\r\n									<td>\r\n										<h5>Chip:</h5>\r\n									</td>\r\n									<td>\r\n										<h5>Apple A15 Bionic</h5>\r\n									</td>\r\n								</tr>\r\n								<tr>\r\n									<td>\r\n										<h5>RAM:</h5>\r\n									</td>\r\n									<td>\r\n										<h5>4 GB</h5>\r\n									</td>\r\n								</tr>\r\n								<tr>\r\n									<td>\r\n										<h5>Dung lượng lưu trữ:</h5>\r\n									</td>\r\n									<td>\r\n										<h5>128 GB</h5>\r\n									</td>\r\n								</tr>\r\n								<tr>\r\n									<td>\r\n										<h5>SIM:</h5>\r\n									</td>\r\n									<td>\r\n										<h5>1 Nano SIM & 1 eSIM, Hỗ trợ 5G</h5>\r\n									</td>\r\n								</tr>\r\n								<tr>\r\n									<td>\r\n										<h5>Pin, Sạc:</h5>\r\n									</td>\r\n									<td>\r\n										<h5>2438 mAh20 W</h5>\r\n									</td>\r\n								</tr>\r\n							</tbody>\r\n						</table>', 21990000, 17490000, 0, 'https://www.nguyenkim.com/images/detailed/755/dien-thoai-iphone-13-mini-128gb-hong-1.jpg', 'iPhone 13 mini được Apple ra mắt với hàng loạt nâng cấp về cấu hình và các tính năng hữu ích, lại có thiết kế vừa vặn. Chiếc điện thoại này hứa hẹn là một thiết bị hoàn hảo hướng tới những khách hàng thích sự nhỏ gọn nhưng vẫn giữ được sự mạnh mẽ bên trong. ', 0, 1, 0, 0),
(27, 1, 'iPhone 13 mini 128GB Xanh dương', 'Iphone 13', '4GB', '128GB', '<table class=\"table\">\r\n							<tbody>\r\n								<tr>\r\n									<td>\r\n										<h5>Màn hình:</h5>\r\n									</td>\r\n									<td>\r\n										<h5>OLED5.4\"Super Retina XDR</h5>\r\n									</td>\r\n								</tr>\r\n								<tr>\r\n									<td>\r\n										<h5>Hệ điều hành:</h5>\r\n									</td>\r\n									<td>\r\n										<h5>iOS 15</h5>\r\n									</td>\r\n								</tr>\r\n								<tr>\r\n									<td>\r\n										<h5>Camera sau:</h5>\r\n									</td>\r\n									<td>\r\n										<h5>2 camera 12 MP</h5>\r\n									</td>\r\n								</tr>\r\n								<tr>\r\n									<td>\r\n										<h5>Camera trước:</h5>\r\n									</td>\r\n									<td>\r\n										<h5>12 MP</h5>\r\n									</td>\r\n								</tr>\r\n								<tr>\r\n									<td>\r\n										<h5>Chip:</h5>\r\n									</td>\r\n									<td>\r\n										<h5>Apple A15 Bionic</h5>\r\n									</td>\r\n								</tr>\r\n								<tr>\r\n									<td>\r\n										<h5>RAM:</h5>\r\n									</td>\r\n									<td>\r\n										<h5>4 GB</h5>\r\n									</td>\r\n								</tr>\r\n								<tr>\r\n									<td>\r\n										<h5>Dung lượng lưu trữ:</h5>\r\n									</td>\r\n									<td>\r\n										<h5>128 GB</h5>\r\n									</td>\r\n								</tr>\r\n								<tr>\r\n									<td>\r\n										<h5>SIM:</h5>\r\n									</td>\r\n									<td>\r\n										<h5>1 Nano SIM & 1 eSIM, Hỗ trợ 5G</h5>\r\n									</td>\r\n								</tr>\r\n								<tr>\r\n									<td>\r\n										<h5>Pin, Sạc:</h5>\r\n									</td>\r\n									<td>\r\n										<h5>2438 mAh20 W</h5>\r\n									</td>\r\n								</tr>\r\n							</tbody>\r\n						</table>', 21990000, 17490000, 6, 'https://cdn.tgdd.vn/Products/Images/42/236780/iphone-13-mini-blue-2-600x600.jpg', 'iPhone 13 mini được Apple ra mắt với hàng loạt nâng cấp về cấu hình và các tính năng hữu ích, lại có thiết kế vừa vặn. Chiếc điện thoại này hứa hẹn là một thiết bị hoàn hảo hướng tới những khách hàng thích sự nhỏ gọn nhưng vẫn giữ được sự mạnh mẽ bên trong. ', 0, 1, 0, 0),
(28, 1, 'iPhone 13 mini 512GB Đỏ', 'Iphone 13', '4GB', '512GB', '<table class=\"table\">\r\n							<tbody>\r\n								<tr>\r\n									<td>\r\n										<h5>Màn hình:</h5>\r\n									</td>\r\n									<td>\r\n										<h5>OLED, 5.4\"Super Retina XDR</h5>\r\n									</td>\r\n								</tr>\r\n								<tr>\r\n									<td>\r\n										<h5>Hệ điều hành:</h5>\r\n									</td>\r\n									<td>\r\n										<h5>iOS 15</h5>\r\n									</td>\r\n								</tr>\r\n								<tr>\r\n									<td>\r\n										<h5>Camera sau:</h5>\r\n									</td>\r\n									<td>\r\n										<h5>2 camera 12 MP</h5>\r\n									</td>\r\n								</tr>\r\n								<tr>\r\n									<td>\r\n										<h5>Camera trước:</h5>\r\n									</td>\r\n									<td>\r\n										<h5>12 MP</h5>\r\n									</td>\r\n								</tr>\r\n								<tr>\r\n									<td>\r\n										<h5>Chip:</h5>\r\n									</td>\r\n									<td>\r\n										<h5>Apple A15 Bionic</h5>\r\n									</td>\r\n								</tr>\r\n								<tr>\r\n									<td>\r\n										<h5>RAM:</h5>\r\n									</td>\r\n									<td>\r\n										<h5>4 GB</h5>\r\n									</td>\r\n								</tr>\r\n								<tr>\r\n									<td>\r\n										<h5>Dung lượng lưu trữ:</h5>\r\n									</td>\r\n									<td>\r\n										<h5>512 GB</h5>\r\n									</td>\r\n								</tr>\r\n								<tr>\r\n									<td>\r\n										<h5>SIM:</h5>\r\n									</td>\r\n									<td>\r\n										<h5>1 Nano SIM & 1 eSIM, Hỗ trợ 5G</h5>\r\n									</td>\r\n								</tr>\r\n								<tr>\r\n									<td>\r\n										<h5>Pin, Sạc:</h5>\r\n									</td>\r\n									<td>\r\n										<h5>2438 mAh, 20 W</h5>\r\n									</td>\r\n								</tr>\r\n							</tbody>\r\n						</table>', 30990000, 22490000, 6, 'https://www.nguyenkim.com/images/detailed/755/dien-thoai-iphone-13-mini-128gb-do-1.jpg', 'iPhone 13 mini 512 GB là chiếc điện thoại có thiết kế nhỏ gọn, ngoại hình khá là dễ thương khi nằm gọn trong bàn tay nhưng lại gây bất ngờ hơn nữa với sức mạnh hiệu năng đáng kinh ngạc, màn hình OLED siêu nét cùng camera nhiếp ảnh chuyên nghiệp.', 0, 1, 0, 0),
(29, 1, 'iPhone 14 128GB Trắng', 'Iphone 14', '6GB', '128GB', '<table class=\"table\">\r\n							<tbody>\r\n								<tr>\r\n									<td>\r\n										<h5>Màn hình:</h5>\r\n									</td>\r\n									<td>\r\n										<h5>OLED6.1\"Super Retina XDR</h5>\r\n									</td>\r\n								</tr>\r\n								<tr>\r\n									<td>\r\n										<h5>Hệ điều hành:</h5>\r\n									</td>\r\n									<td>\r\n										<h5>iOS 16</h5>\r\n									</td>\r\n								</tr>\r\n								<tr>\r\n									<td>\r\n										<h5>Camera sau:</h5>\r\n									</td>\r\n									<td>\r\n										<h5>2 camera 12 MP</h5>\r\n									</td>\r\n								</tr>\r\n								<tr>\r\n									<td>\r\n										<h5>Camera trước:</h5>\r\n									</td>\r\n									<td>\r\n										<h5>12 MP</h5>\r\n									</td>\r\n								</tr>\r\n								<tr>\r\n									<td>\r\n										<h5>Chip:</h5>\r\n									</td>\r\n									<td>\r\n										<h5>Apple A15 Bionic</h5>\r\n									</td>\r\n								</tr>\r\n								<tr>\r\n									<td>\r\n										<h5>RAM:</h5>\r\n									</td>\r\n									<td>\r\n										<h5>6 GB</h5>\r\n									</td>\r\n								</tr>\r\n								<tr>\r\n									<td>\r\n										<h5>Dung lượng lưu trữ:</h5>\r\n									</td>\r\n									<td>\r\n										<h5>128 GB</h5>\r\n									</td>\r\n								</tr>\r\n								<tr>\r\n									<td>\r\n										<h5>SIM:</h5>\r\n									</td>\r\n									<td>\r\n										<h5>1 Nano SIM & 1 eSIM, Hỗ trợ 5G</h5>\r\n									</td>\r\n								</tr>\r\n								<tr>\r\n									<td>\r\n										<h5>Pin, Sạc:</h5>\r\n									</td>\r\n									<td>\r\n										<h5>3279 mAh20 W</h5>\r\n									</td>\r\n								</tr>\r\n							</tbody>\r\n						</table>', 24990000, 22790000, 12, 'https://www.nguyenkim.com/images/product/829/dien-thoai-iphone-14-128gb-trang-1.jpg', 'Sau bao khoảng thời gian dài chờ đợi thì vào ngày 08/09 chiếc điện thoại iPhone 14 cũng đã chính thức được lộ diện, với hàng loạt thông số kỹ thuật ấn tượng từ camera cho đến hiệu năng cực khủng. Từ ngày 14/10/2022 tại Thế Giới Di Động cũng đã chính thức mở bán tất cả các phiên bản iPhone 14 series để người dùng có thể sớm ngày được trải nghiệm.', 1, 0, 0, 0),
(30, 1, 'iPhone 14 128GB Tím', 'Iphone 14', '6GB', '128GB', '<table class=\"table\">\r\n							<tbody>\r\n								<tr>\r\n									<td>\r\n										<h5>Màn hình:</h5>\r\n									</td>\r\n									<td>\r\n										<h5>OLED6.1\"Super Retina XDR</h5>\r\n									</td>\r\n								</tr>\r\n								<tr>\r\n									<td>\r\n										<h5>Hệ điều hành:</h5>\r\n									</td>\r\n									<td>\r\n										<h5>iOS 16</h5>\r\n									</td>\r\n								</tr>\r\n								<tr>\r\n									<td>\r\n										<h5>Camera sau:</h5>\r\n									</td>\r\n									<td>\r\n										<h5>2 camera 12 MP</h5>\r\n									</td>\r\n								</tr>\r\n								<tr>\r\n									<td>\r\n										<h5>Camera trước:</h5>\r\n									</td>\r\n									<td>\r\n										<h5>12 MP</h5>\r\n									</td>\r\n								</tr>\r\n								<tr>\r\n									<td>\r\n										<h5>Chip:</h5>\r\n									</td>\r\n									<td>\r\n										<h5>Apple A15 Bionic</h5>\r\n									</td>\r\n								</tr>\r\n								<tr>\r\n									<td>\r\n										<h5>RAM:</h5>\r\n									</td>\r\n									<td>\r\n										<h5>6 GB</h5>\r\n									</td>\r\n								</tr>\r\n								<tr>\r\n									<td>\r\n										<h5>Dung lượng lưu trữ:</h5>\r\n									</td>\r\n									<td>\r\n										<h5>128 GB</h5>\r\n									</td>\r\n								</tr>\r\n								<tr>\r\n									<td>\r\n										<h5>SIM:</h5>\r\n									</td>\r\n									<td>\r\n										<h5>1 Nano SIM & 1 eSIM, Hỗ trợ 5G</h5>\r\n									</td>\r\n								</tr>\r\n								<tr>\r\n									<td>\r\n										<h5>Pin, Sạc:</h5>\r\n									</td>\r\n									<td>\r\n										<h5>3279 mAh20 W</h5>\r\n									</td>\r\n								</tr>\r\n							</tbody>\r\n						</table>', 24990000, 22790000, 3, 'https://cdn01.dienmaycholon.vn/filewebdmclnew/DMCL21/Picture//Apro/Apro_product_31414/iphone-14-128gb_main_827_1020.png.webp', 'Sau bao khoảng thời gian dài chờ đợi thì vào ngày 08/09 chiếc điện thoại iPhone 14 cũng đã chính thức được lộ diện, với hàng loạt thông số kỹ thuật ấn tượng từ camera cho đến hiệu năng cực khủng. Từ ngày 14/10/2022 tại Thế Giới Di Động cũng đã chính thức mở bán tất cả các phiên bản iPhone 14 series để người dùng có thể sớm ngày được trải nghiệm.', 1, 0, 0, 0),
(31, 2, 'MacBook Air M2 2022 16GB/256GB/8-core GPU (Z16000051) Xanh đen', 'MacBook Air', '16GB', '256GB', '<table class=\"table\">\r\n							<tbody>\r\n								<tr>\r\n									<td>\r\n										<h5>CPU:</h5>\r\n									</td>\r\n									<td>\r\n										<h5>Apple M2100GB/s</h5>\r\n									</td>\r\n								</tr>\r\n								<tr>\r\n									<td>\r\n										<h5>RAM:</h5>\r\n									</td>\r\n									<td>\r\n										<h5>16 GB</h5>\r\n									</td>\r\n								</tr>\r\n								<tr>\r\n									<td>\r\n										<h5>Ổ cứng:</h5>\r\n									</td>\r\n									<td>\r\n										<h5>256 GB SSD</h5>\r\n									</td>\r\n								</tr>\r\n								<tr>\r\n									<td>\r\n										<h5>Màn hình:</h5>\r\n									</td>\r\n									<td>\r\n										<h5>13.6\"Liquid Retina (2560 x 1664)</h5>\r\n									</td>\r\n								</tr>\r\n								<tr>\r\n									<td>\r\n										<h5>Card màn hình:</h5>\r\n									</td>\r\n									<td>\r\n										<h5>Card tích hợp, 8 nhân GPU</h5>\r\n									</td>\r\n								</tr>\r\n								<tr>\r\n									<td>\r\n										<h5>Cổng kết nối:</h5>\r\n									</td>\r\n									<td>\r\n										<h5>2 x Thunderbolt 3, MagSafe 3, Jack tai nghe 3.5 mm</h5>\r\n									</td>\r\n								</tr>\r\n								<tr>\r\n									<td>\r\n										<h5>Thiết kế:</h5>\r\n									</td>\r\n									<td>\r\n										<h5>Vỏ kim loại</h5>\r\n									</td>\r\n								</tr>\r\n								<tr>\r\n									<td>\r\n										<h5>Kích thước, khối lượng:</h5>\r\n									</td>\r\n									<td>\r\n										<h5>Dài 304.1 mm - Rộng 215 mm - Dày 11.3 mm - Nặng 1.24 kg</h5>\r\n									</td>\r\n								</tr>\r\n								<tr>\r\n									<td>\r\n										<h5>Thời điểm ra mắt:</h5>\r\n									</td>\r\n									<td>\r\n										<h5>6/2022</h5>\r\n									</td>\r\n								</tr>\r\n							</tbody>\r\n						</table>', 38990000, 36490000, 2, 'https://cdn.tgdd.vn/Products/Images/44/289472/apple-macbook-air-m2-2022-16gb-256gb-1-2.jpg', 'Với sức mạnh bùng nổ đến từ bộ vi xử lý M2 cùng thiết kế của một chiếc laptop cao cấp - sang trọng, MacBook Air M2 đáp ứng đầy đủ mọi nhu cầu từ học tập, văn phòng đến đồ họa, kỹ thuật nâng cao.', 0, 1, 0, 0),
(32, 2, 'MacBook Air M2 2022 16GB/512GB/10-core GPU (Z1610003L) Vàng', 'MacBook Air', '16GB', '512GB', '<table class=\"table\">\r\n							<tbody>\r\n								<tr>\r\n									<td>\r\n										<h5>CPU:</h5>\r\n									</td>\r\n									<td>\r\n										<h5>Apple M2100GB/s</h5>\r\n									</td>\r\n								</tr>\r\n								<tr>\r\n									<td>\r\n										<h5>RAM:</h5>\r\n									</td>\r\n									<td>\r\n										<h5>16 GB</h5>\r\n									</td>\r\n								</tr>\r\n								<tr>\r\n									<td>\r\n										<h5>Ổ cứng:</h5>\r\n									</td>\r\n									<td>\r\n										<h5>256 GB SSD</h5>\r\n									</td>\r\n								</tr>\r\n								<tr>\r\n									<td>\r\n										<h5>Màn hình:</h5>\r\n									</td>\r\n									<td>\r\n										<h5>13.6\"Liquid Retina (2560 x 1664)</h5>\r\n									</td>\r\n								</tr>\r\n								<tr>\r\n									<td>\r\n										<h5>Card màn hình:</h5>\r\n									</td>\r\n									<td>\r\n										<h5>Card tích hợp, 8 nhân GPU</h5>\r\n									</td>\r\n								</tr>\r\n								<tr>\r\n									<td>\r\n										<h5>Cổng kết nối:</h5>\r\n									</td>\r\n									<td>\r\n										<h5>2 x Thunderbolt 3, MagSafe 3, Jack tai nghe 3.5 mm</h5>\r\n									</td>\r\n								</tr>\r\n								<tr>\r\n									<td>\r\n										<h5>Thiết kế:</h5>\r\n									</td>\r\n									<td>\r\n										<h5>Vỏ kim loại</h5>\r\n									</td>\r\n								</tr>\r\n								<tr>\r\n									<td>\r\n										<h5>Kích thước, khối lượng:</h5>\r\n									</td>\r\n									<td>\r\n										<h5>Dài 304.1 mm - Rộng 215 mm - Dày 11.3 mm - Nặng 1.24 kg</h5>\r\n									</td>\r\n								</tr>\r\n								<tr>\r\n									<td>\r\n										<h5>Thời điểm ra mắt:</h5>\r\n									</td>\r\n									<td>\r\n										<h5>6/2022</h5>\r\n									</td>\r\n								</tr>\r\n							</tbody>\r\n						</table>', 46990000, 41790000, 5, 'https://cdn.tgdd.vn/Products/Images/44/289441/apple-macbook-air-m2-2022-16gb-1-1.jpg', 'MacBook Air M2 2022 một lần nữa đã khẳng định vị thế hàng đầu của Apple trong phân khúc laptop cao cấp - sang trọng vào giữa năm 2022 khi sở hữu phong cách thiết kế thời thượng, đẳng cấp cùng sức mạnh bộc phá đến từ bộ vi xử lý Apple M2 mạnh mẽ.', 0, 1, 0, 0),
(33, 2, 'MacBook Air M2 2022 8GB/256GB/8-core GPU (MLXW3SA/A) Xám', 'MacBook Air', '8GB', '256GB', '<table class=\"table\">\r\n							<tbody>\r\n								<tr>\r\n									<td>\r\n										<h5>CPU:</h5>\r\n									</td>\r\n									<td>\r\n										<h5>Apple M2100GB/s</h5>\r\n									</td>\r\n								</tr>\r\n								<tr>\r\n									<td>\r\n										<h5>RAM:</h5>\r\n									</td>\r\n									<td>\r\n										<h5>8 GB</h5>\r\n									</td>\r\n								</tr>\r\n								<tr>\r\n									<td>\r\n										<h5>Ổ cứng:</h5>\r\n									</td>\r\n									<td>\r\n										<h5>256 GB SSD</h5>\r\n									</td>\r\n								</tr>\r\n								<tr>\r\n									<td>\r\n										<h5>Màn hình:</h5>\r\n									</td>\r\n									<td>\r\n										<h5>13.6\"Liquid Retina (2560 x 1664)</h5>\r\n									</td>\r\n								</tr>\r\n								<tr>\r\n									<td>\r\n										<h5>Card màn hình:</h5>\r\n									</td>\r\n									<td>\r\n										<h5>Card tích hợp, 8 nhân GPU</h5>\r\n									</td>\r\n								</tr>\r\n								<tr>\r\n									<td>\r\n										<h5>Cổng kết nối:</h5>\r\n									</td>\r\n									<td>\r\n										<h5>2 x Thunderbolt 3, MagSafe 3, Jack tai nghe 3.5 mm</h5>\r\n									</td>\r\n								</tr>\r\n								<tr>\r\n									<td>\r\n										<h5>Thiết kế:</h5>\r\n									</td>\r\n									<td>\r\n										<h5>Vỏ kim loại</h5>\r\n									</td>\r\n								</tr>\r\n								<tr>\r\n									<td>\r\n										<h5>Kích thước, khối lượng:</h5>\r\n									</td>\r\n									<td>\r\n										<h5>Dài 304.1 mm - Rộng 215 mm - Dày 11.3 mm - Nặng 1.24 kg</h5>\r\n									</td>\r\n								</tr>\r\n								<tr>\r\n									<td>\r\n										<h5>Thời điểm ra mắt:</h5>\r\n									</td>\r\n									<td>\r\n										<h5>6/2022</h5>\r\n									</td>\r\n								</tr>\r\n							</tbody>\r\n						</table>', 32990000, 31190000, 0, 'https://cdn.tgdd.vn/Products/Images/44/282827/apple-macbook-air-m2-2022-01.jpg', 'Siêu phẩm MacBook Air M2 được trình làng vào giữa năm 2022 một lần nữa đã khẳng định vị thế của Apple trong phân khúc laptop cao cấp - sang trọng, đánh bật mọi rào cản với con chip Apple M2 đầy mạnh mẽ cùng lối thiết kế lịch lãm, thời thượng đặc trưng cùng thời lượng pin lên đến 18 giờ ấn tượng. ', 0, 1, 0, 0),
(34, 4, 'AirPods Pro (2nd Gen) MagSafe Charge Apple MQD83 Trắng', 'AirPods Pro', NULL, NULL, '<table class=\"table\">\r\n							<tbody>\r\n								<tr>\r\n									<td>\r\n										<h5>Thời gian tai nghe:</h5>\r\n									</td>\r\n									<td>\r\n										<h5>Dùng 6 giờ</h5>\r\n									</td>\r\n								</tr>\r\n								<tr>\r\n									<td>\r\n										<h5>Thời gian hộp sạc:</h5>\r\n									</td>\r\n									<td>\r\n										<h5>Dùng 30 giờ</h5>\r\n									</td>\r\n								</tr>\r\n								<tr>\r\n									<td>\r\n										<h5>Cổng sạc:</h5>\r\n									</td>\r\n									<td>\r\n										<h5>LightningSạc không dây QiSạc MagSafe</h5>\r\n									</td>\r\n								</tr>\r\n								<tr>\r\n									<td>\r\n										<h5>Công nghệ âm thanh:</h5>\r\n									</td>\r\n									<td>\r\n										<h5>Active Noise Cancellation Adaptive EQChip Apple H2</h5>\r\n									</td>\r\n								</tr>\r\n								<tr>\r\n									<td>\r\n										<h5>Hỗ trợ kết nối:</h5>\r\n									</td>\r\n									<td>\r\n										<h5>Bluetooth 5.3</h5>\r\n									</td>\r\n								</tr>\r\n							</tbody>\r\n						</table>', 6990000, 6490000, 4, 'https://cdn.tgdd.vn/Products/Images/54/289781/airpods-pro-2nd-generation-0.jpg', 'Thiết kế tai nghe AirPods Pro 2 gọn nhẹ, kiểu dáng hiện đại\r\nVề phần thiết kế, nhà Apple vẫn giữ nguyên kiểu dáng quen thuộc của những phiên bản tiền nhiệm trước đó như: Thiết kế gọn nhẹ, đường bo góc tinh tế, gam màu trắng trang nhã bao bọc trọn vẹn tai nghe và hộp sạc.', 0, 1, 0, 0),
(35, 4, 'AirPods Pro MagSafe Charge Apple MLWK3 Trắng', 'AirPods Pro', NULL, NULL, '<table class=\"table\">\r\n							<tbody>\r\n								<tr>\r\n									<td>\r\n										<h5>Thời gian tai nghe:</h5>\r\n									</td>\r\n									<td>\r\n										<h5>Dùng 5 giờ - Sạc 2 giờ</h5>\r\n									</td>\r\n								</tr>\r\n								<tr>\r\n									<td>\r\n										<h5>Cổng sạc:</h5>\r\n									</td>\r\n									<td>\r\n										<h5>LightningSạc không dây Sạc MagSafe</h5>\r\n									</td>\r\n								</tr>\r\n								<tr>\r\n									<td>\r\n										<h5>Công nghệ âm thanh:</h5>\r\n									</td>\r\n									<td>\r\n										<h5>Active Noise Cancellation Chip Apple H1 Transparency Mode Spatial Audio Custom High Dynamic Range Amplifier Custom high-excursion Apple driver Adaptive EQ</h5>\r\n									</td>\r\n								</tr>\r\n								<tr>\r\n									<td>\r\n										<h5>Hỗ trợ kết nối:</h5>\r\n									</td>\r\n									<td>\r\n										<h5>Bluetooth 5.0</h5>\r\n									</td>\r\n								</tr>\r\n							</tbody>\r\n						</table>', 6790000, 4990000, 6, 'https://cdn.tgdd.vn/Products/Images/54/253802/bluetooth-airpods-pro-magsafe-charge-apple-mlwk3-0-1.jpg', 'Thiết kế cao cấp, đeo vừa vặn với nút tai silicone\r\nTai nghe Bluetooth AirPods Pro MagSafe Charge Apple MLWK3 trắng được chế tác với vẻ ngoài tinh giản, gam màu trắng trẻ trung, sáng đẹp, phối hợp tuyệt vời với mọi trang phục từ đời thường đến công sở, dự tiệc của bạn. ', 1, 0, 0, 0),
(36, 4, 'AirPods Max Apple Đỏ', 'AirPods Max', NULL, NULL, '<table class=\"table\">\r\n							<tbody>\r\n								<tr>\r\n									<td>\r\n										<h5>Thời gian tai nghe:</h5>\r\n									</td>\r\n									<td>\r\n										<h5>Dùng 20 giờ - Sạc 3 giờ</h5>\r\n									</td>\r\n								</tr>\r\n								<tr>\r\n									<td>\r\n										<h5>Cổng sạc:</h5>\r\n									</td>\r\n									<td>\r\n										<h5>Lightning</h5>\r\n									</td>\r\n								</tr>\r\n								<tr>\r\n									<td>\r\n										<h5>Công nghệ âm thanh:</h5>\r\n									</td>\r\n									<td>\r\n										<h5>Active Noise Cancellation Chip Apple H1 Transparency Mode Spatial Audio Adaptive EQ</h5>\r\n									</td>\r\n								</tr>\r\n								<tr>\r\n									<td>\r\n										<h5>Hỗ trợ kết nối:</h5>\r\n									</td>\r\n									<td>\r\n										<h5>Bluetooth 5.0</h5>\r\n									</td>\r\n								</tr>\r\n							</tbody>\r\n						</table>', 13990000, 11490000, 12, 'https://cdn.tgdd.vn/Products/Images/54/236331/bluetooth-airpods-max-apple-hong-1.jpg', 'Tai Bluetooth AirPods Max Apple MGYH3/ MGYJ3/ MGYL3 dễ dàng cuốn hút bạn ngay từ cái nhìn đầu tiên, với nét sang trọng và cực kỳ tinh tế đến từ sự tối giản trong thiết kế và màu sắc, tạo sự khác biệt ấn tượng với các sản phẩm tai nghe hiện có trên thị trường.', 1, 0, 4, 1),
(37, 4, 'AirPods Max Apple Xanh dương', 'AirPods Max', NULL, NULL, '<table class=\"table\">\r\n							<tbody>\r\n								<tr>\r\n									<td>\r\n										<h5>Thời gian tai nghe:</h5>\r\n									</td>\r\n									<td>\r\n										<h5>Dùng 20 giờ - Sạc 3 giờ</h5>\r\n									</td>\r\n								</tr>\r\n								<tr>\r\n									<td>\r\n										<h5>Cổng sạc:</h5>\r\n									</td>\r\n									<td>\r\n										<h5>Lightning</h5>\r\n									</td>\r\n								</tr>\r\n								<tr>\r\n									<td>\r\n										<h5>Công nghệ âm thanh:</h5>\r\n									</td>\r\n									<td>\r\n										<h5>Active Noise Cancellation Chip Apple H1 Transparency Mode Spatial Audio Adaptive EQ</h5>\r\n									</td>\r\n								</tr>\r\n								<tr>\r\n									<td>\r\n										<h5>Hỗ trợ kết nối:</h5>\r\n									</td>\r\n									<td>\r\n										<h5>Bluetooth 5.0</h5>\r\n									</td>\r\n								</tr>\r\n							</tbody>\r\n						</table>', 13990000, 11490000, 7, 'https://cdn.tgdd.vn/Products/Images/54/236331/bluetooth-airpods-max-apple-1-org.jpg', 'Tai Bluetooth AirPods Max Apple MGYH3/ MGYJ3/ MGYL3 dễ dàng cuốn hút bạn ngay từ cái nhìn đầu tiên, với nét sang trọng và cực kỳ tinh tế đến từ sự tối giản trong thiết kế và màu sắc, tạo sự khác biệt ấn tượng với các sản phẩm tai nghe hiện có trên thị trường.', 0, 0, 0, 0),
(38, 4, 'AirPods Max Apple Xanh lá', 'AirPods Max', NULL, NULL, '<table class=\"table\">\r\n							<tbody>\r\n								<tr>\r\n									<td>\r\n										<h5>Thời gian tai nghe:</h5>\r\n									</td>\r\n									<td>\r\n										<h5>Dùng 20 giờ - Sạc 3 giờ</h5>\r\n									</td>\r\n								</tr>\r\n								<tr>\r\n									<td>\r\n										<h5>Cổng sạc:</h5>\r\n									</td>\r\n									<td>\r\n										<h5>Lightning</h5>\r\n									</td>\r\n								</tr>\r\n								<tr>\r\n									<td>\r\n										<h5>Công nghệ âm thanh:</h5>\r\n									</td>\r\n									<td>\r\n										<h5>Active Noise Cancellation Chip Apple H1 Transparency Mode Spatial Audio Adaptive EQ</h5>\r\n									</td>\r\n								</tr>\r\n								<tr>\r\n									<td>\r\n										<h5>Hỗ trợ kết nối:</h5>\r\n									</td>\r\n									<td>\r\n										<h5>Bluetooth 5.0</h5>\r\n									</td>\r\n								</tr>\r\n							</tbody>\r\n						</table>', 13990000, 11490000, 3, 'https://cdn.tgdd.vn/Products/Images/54/236331/bluetooth-airpods-max-apple-xanh-1.jpg', 'Tai Bluetooth AirPods Max Apple MGYH3/ MGYJ3/ MGYL3 dễ dàng cuốn hút bạn ngay từ cái nhìn đầu tiên, với nét sang trọng và cực kỳ tinh tế đến từ sự tối giản trong thiết kế và màu sắc, tạo sự khác biệt ấn tượng với các sản phẩm tai nghe hiện có trên thị trường.', 0, 0, 0, 0),
(39, 4, 'AirPods Max Apple MGYJ3 Bạc', 'AirPods Max', NULL, NULL, '<table class=\"table\">\r\n							<tbody>\r\n								<tr>\r\n									<td>\r\n										<h5>Thời gian tai nghe:</h5>\r\n									</td>\r\n									<td>\r\n										<h5>Dùng 20 giờ - Sạc 3 giờ</h5>\r\n									</td>\r\n								</tr>\r\n								<tr>\r\n									<td>\r\n										<h5>Cổng sạc:</h5>\r\n									</td>\r\n									<td>\r\n										<h5>Lightning</h5>\r\n									</td>\r\n								</tr>\r\n								<tr>\r\n									<td>\r\n										<h5>Công nghệ âm thanh:</h5>\r\n									</td>\r\n									<td>\r\n										<h5>Active Noise Cancellation Chip Apple H1 Transparency Mode Spatial Audio Adaptive EQ</h5>\r\n									</td>\r\n								</tr>\r\n								<tr>\r\n									<td>\r\n										<h5>Hỗ trợ kết nối:</h5>\r\n									</td>\r\n									<td>\r\n										<h5>Bluetooth 5.0</h5>\r\n									</td>\r\n								</tr>\r\n							</tbody>\r\n						</table>', 13990000, 11490000, 1, 'https://cdn.tgdd.vn/Products/Images/54/296860/tai-nghe-chup-tai-bluetooth-airpods-max-apple-mgyj3-bac-1.jpg', 'Tai nghe chụp tai Bluetooth AirPods Max Apple MGYJ3 mang đến một thiết kế thời trang, sang chảnh, cùng nhiều công nghệ hiện đại được tích hợp như: Công nghệ chống ồn chủ động, công nghệ Bluetooth 5.0, Adaptive EQ,...', 1, 1, 0, 0),
(40, 4, 'AirPods 3 Wireless Charge Apple MME73 Trắng', 'AirPods 3', NULL, NULL, '<table class=\"table\">\r\n							<tbody>\r\n								<tr>\r\n									<td>\r\n										<h5>Thời gian tai nghe:</h5>\r\n									</td>\r\n									<td>\r\n										<h5>Dùng 6 giờ - Sạc 2 giờ</h5>\r\n									</td>\r\n								</tr>\r\n								<tr>\r\n									<td>\r\n										<h5>Cổng sạc:</h5>\r\n									</td>\r\n									<td>\r\n										<h5>Sạc không dây, Lightning</h5>\r\n									</td>\r\n								</tr>\r\n								<tr>\r\n									<td>\r\n										<h5>Công nghệ âm thanh:</h5>\r\n									</td>\r\n									<td>\r\n										<h5>Chip Apple H1, Adaptive EQ, Spatial Audio, Custom High Dynamic Range Amplifier, Custom high-excursion Apple driver</h5>\r\n									</td>\r\n								</tr>\r\n								<tr>\r\n									<td>\r\n										<h5>Hỗ trợ kết nối:</h5>\r\n									</td>\r\n									<td>\r\n										<h5>Bluetooth 5.0</h5>\r\n									</td>\r\n								</tr>\r\n							</tbody>\r\n						</table>', 5490000, 4390000, 3, 'https://cdn.tgdd.vn/Products/Images/54/250701/airpods-3-hop-sac-khong-day-0.jpg', 'Airpods 3 có thiết kế tương tự như AirPods Pro nhưng không còn phần eartips, đường viền và thân ngắn hơn cho âm thanh truyền tải đến tai tối ưu. Bề mặt tai nghe Bluetooth Apple phủ sắc trắng thời thượng, được làm từ các vật liệu tái chế với độ bền cao, bảo vệ môi trường sống của con người. ', 1, 1, 0, 0),
(41, 4, 'AirPods 3 Lightning Charge Apple MPNY3 Trắng', 'AirPods 3', NULL, NULL, '<table class=\"table\">\r\n							<tbody>\r\n								<tr>\r\n									<td>\r\n										<h5>Thời gian tai nghe:</h5>\r\n									</td>\r\n									<td>\r\n										<h5>Dùng 6 giờ - Sạc 2 giờ</h5>\r\n									</td>\r\n								</tr>\r\n								<tr>\r\n									<td>\r\n										<h5>Cổng sạc:</h5>\r\n									</td>\r\n									<td>\r\n										<h5>Sạc không dây, Lightning</h5>\r\n									</td>\r\n								</tr>\r\n								<tr>\r\n									<td>\r\n										<h5>Công nghệ âm thanh:</h5>\r\n									</td>\r\n									<td>\r\n										<h5>Chip Apple H1, Adaptive EQ, Spatial Audio, Custom High Dynamic Range Amplifier, Custom high-excursion Apple driver</h5>\r\n									</td>\r\n								</tr>\r\n								<tr>\r\n									<td>\r\n										<h5>Hỗ trợ kết nối:</h5>\r\n									</td>\r\n									<td>\r\n										<h5>Bluetooth 5.0</h5>\r\n									</td>\r\n								</tr>\r\n							</tbody>\r\n						</table>', 5390000, 4290000, 0, 'https://cdn.tgdd.vn/Products/Images/54/290053/tai-nghe-bluetooth-airpods-3-lightning-charge-apple-mpny3-trang-1.jpg', 'Tai nghe Bluetooth AirPods 3 Lightning Charge Apple MPNY3 Trắng sở hữu thiết kế gọn nhẹ, màu sắc trang nhã cùng nhiều công nghệ hiện đại đang chờ đón các iFan như: kết nối Bluetooth, Adaptive EQ, Chip Apple H1,...', 1, 0, 0, 0),
(81, 1, 'Iphone 14 Pro Max 128GB Đen', 'Iphone 14', '6GB', '128GB', '<table class=\"table\">\r\n							<tbody>\r\n								<tr>\r\n									<td>\r\n										<h5>Màn hình:</h5>\r\n									</td>\r\n									<td>\r\n										<h5>OLED6.7\"Super Retina XDR</h5>\r\n									</td>\r\n								</tr>\r\n								<tr>\r\n									<td>\r\n										<h5>Hệ điều hành:</h5>\r\n									</td>\r\n									<td>\r\n										<h5>iOS 16</h5>\r\n									</td>\r\n								</tr>\r\n								<tr>\r\n									<td>\r\n										<h5>Camera sau:</h5>\r\n									</td>\r\n									<td>\r\n										<h5>Chính 48 MP & Phụ 12 MP, 12 MP</h5>\r\n									</td>\r\n								</tr>\r\n								<tr>\r\n									<td>\r\n										<h5>Camera trước:</h5>\r\n									</td>\r\n									<td>\r\n										<h5>12 MP</h5>\r\n									</td>\r\n								</tr>\r\n								<tr>\r\n									<td>\r\n										<h5>Chip:</h5>\r\n									</td>\r\n									<td>\r\n										<h5>Apple A16 Bionic</h5>\r\n									</td>\r\n								</tr>\r\n								<tr>\r\n									<td>\r\n										<h5>RAM:</h5>\r\n									</td>\r\n									<td>\r\n										<h5>6 GB</h5>\r\n									</td>\r\n								</tr>\r\n								<tr>\r\n									<td>\r\n										<h5>Dung lượng lưu trữ:</h5>\r\n									</td>\r\n									<td>\r\n										<h5>128 GB</h5>\r\n									</td>\r\n								</tr>\r\n								<tr>\r\n									<td>\r\n										<h5>SIM:</h5>\r\n									</td>\r\n									<td>\r\n										<h5>1 Nano SIM & 1 eSIM, Hỗ trợ 5G</h5>\r\n									</td>\r\n								</tr>\r\n								<tr>\r\n									<td>\r\n										<h5>Pin, Sạc:</h5>\r\n									</td>\r\n									<td>\r\n										<h5>4323 mAh, 20 W</h5>\r\n									</td>\r\n								</tr>\r\n							</tbody>\r\n						</table>', 33990000, 33590000, 14, 'https://www.nguyenkim.com/images/detailed/824/dien-thoai-iphone-14-pro-max-128gb-den-5.jpg', 'Apple trong sự kiện ngày 8/9 đã giới thiệu đến người dùng mẫu iPhone 14 Pro 256GB mang những cải tiến về mặt thiết kế cũng như cấu hình phần cứng, hứa hẹn một sản phẩm mạnh mẽ đáp ứng mọi nhu cầu của bạn.', 1, 1, 0, 0),
(82, 1, 'Iphone 11 64GB Trắng', 'Iphone 11', '4GB', '64GB', '<table class=\"table\">\r\n							<tbody>\r\n								<tr>\r\n									<td>\r\n										<h5>Màn hình:</h5>\r\n									</td>\r\n									<td>\r\n										<h5>IPS LCD6.1\", Liquid Retina</h5>\r\n									</td>\r\n								</tr>\r\n								<tr>\r\n									<td>\r\n										<h5>Hệ điều hành:</h5>\r\n									</td>\r\n									<td>\r\n										<h5>iOS 15</h5>\r\n									</td>\r\n								</tr>\r\n								<tr>\r\n									<td>\r\n										<h5>Camera sau:</h5>\r\n									</td>\r\n									<td>\r\n										<h5>2 camera 12 MP</h5>\r\n									</td>\r\n								</tr>\r\n								<tr>\r\n									<td>\r\n										<h5>Camera trước:</h5>\r\n									</td>\r\n									<td>\r\n										<h5>12 MP</h5>\r\n									</td>\r\n								</tr>\r\n								<tr>\r\n									<td>\r\n										<h5>Chip:</h5>\r\n									</td>\r\n									<td>\r\n										<h5>Apple A13 Bionic</h5>\r\n									</td>\r\n								</tr>\r\n								<tr>\r\n									<td>\r\n										<h5>RAM:</h5>\r\n									</td>\r\n									<td>\r\n										<h5>4 GB</h5>\r\n									</td>\r\n								</tr>\r\n								<tr>\r\n									<td>\r\n										<h5>Dung lượng lưu trữ:</h5>\r\n									</td>\r\n									<td>\r\n										<h5>64 GB</h5>\r\n									</td>\r\n								</tr>\r\n								<tr>\r\n									<td>\r\n										<h5>SIM:</h5>\r\n									</td>\r\n									<td>\r\n										<h5>1 Nano SIM & 1 eSIM, Hỗ trợ 4G</h5>\r\n									</td>\r\n								</tr>\r\n								<tr>\r\n									<td>\r\n										<h5>Pin, Sạc:</h5>\r\n									</td>\r\n									<td>\r\n										<h5>3110 mAh, 18 W</h5>\r\n									</td>\r\n								</tr>\r\n							</tbody>\r\n						</table>', 14990000, 11990000, 34, 'https://cdn.tgdd.vn/Products/Images/42/153856/iphone-11-trang-200x200.jpg', 'iPhone 11 là chiếc điện thoại thuộc dòng iPhone được ra mắt vào ngày 10 tháng 9 năm 2019 cùng với iPhone 11 Pro và iPhone 11 Pro Max bởi CEO Tim Cook. Đây là phiên bản kế nhiệm của iPhone XR, với giá bán khởi điểm là 699 USD, rẻ hơn 50 USD so với iPhone XR. iPhone 11 được trang bị vi xử lý Apple A13 Bionic cùng với máy ảnh kép với tính năng chụp góc siêu rộng. Tuy nhiên iPhone 11 chỉ được trang bị sẵn sạc phổ thông 5W trong hộp giống với các thế hệ iPhone tiền nhiệm. Trong khi iPhone 11 Pro và 11 Pro Max được trang bị sạc nhanh 18W, mặc dù 3 phiên bản này đều sỡ hữu công nghệ sạc nhanh.', 0, 0, 0, 0),
(83, 1, 'Iphone 11 64GB Vàng', 'Iphone 11', '4GB', '64GB', '<table class=\"table\">\r\n							<tbody>\r\n								<tr>\r\n									<td>\r\n										<h5>Màn hình:</h5>\r\n									</td>\r\n									<td>\r\n										<h5>IPS LCD6.1\", Liquid Retina</h5>\r\n									</td>\r\n								</tr>\r\n								<tr>\r\n									<td>\r\n										<h5>Hệ điều hành:</h5>\r\n									</td>\r\n									<td>\r\n										<h5>iOS 15</h5>\r\n									</td>\r\n								</tr>\r\n								<tr>\r\n									<td>\r\n										<h5>Camera sau:</h5>\r\n									</td>\r\n									<td>\r\n										<h5>2 camera 12 MP</h5>\r\n									</td>\r\n								</tr>\r\n								<tr>\r\n									<td>\r\n										<h5>Camera trước:</h5>\r\n									</td>\r\n									<td>\r\n										<h5>12 MP</h5>\r\n									</td>\r\n								</tr>\r\n								<tr>\r\n									<td>\r\n										<h5>Chip:</h5>\r\n									</td>\r\n									<td>\r\n										<h5>Apple A13 Bionic</h5>\r\n									</td>\r\n								</tr>\r\n								<tr>\r\n									<td>\r\n										<h5>RAM:</h5>\r\n									</td>\r\n									<td>\r\n										<h5>4 GB</h5>\r\n									</td>\r\n								</tr>\r\n								<tr>\r\n									<td>\r\n										<h5>Dung lượng lưu trữ:</h5>\r\n									</td>\r\n									<td>\r\n										<h5>64 GB</h5>\r\n									</td>\r\n								</tr>\r\n								<tr>\r\n									<td>\r\n										<h5>SIM:</h5>\r\n									</td>\r\n									<td>\r\n										<h5>1 Nano SIM & 1 eSIM, Hỗ trợ 4G</h5>\r\n									</td>\r\n								</tr>\r\n								<tr>\r\n									<td>\r\n										<h5>Pin, Sạc:</h5>\r\n									</td>\r\n									<td>\r\n										<h5>3110 mAh, 18 W</h5>\r\n									</td>\r\n								</tr>\r\n							</tbody>\r\n						</table>', 14990000, 11990000, 34, 'https://cdn.tgdd.vn/Products/Images/42/153856/iphone-xi-vang-200x200.jpg', 'iPhone 11 là chiếc điện thoại thuộc dòng iPhone được ra mắt vào ngày 10 tháng 9 năm 2019 cùng với iPhone 11 Pro và iPhone 11 Pro Max bởi CEO Tim Cook. Đây là phiên bản kế nhiệm của iPhone XR, với giá bán khởi điểm là 699 USD, rẻ hơn 50 USD so với iPhone XR. iPhone 11 được trang bị vi xử lý Apple A13 Bionic cùng với máy ảnh kép với tính năng chụp góc siêu rộng. Tuy nhiên iPhone 11 chỉ được trang bị sẵn sạc phổ thông 5W trong hộp giống với các thế hệ iPhone tiền nhiệm. Trong khi iPhone 11 Pro và 11 Pro Max được trang bị sạc nhanh 18W, mặc dù 3 phiên bản này đều sỡ hữu công nghệ sạc nhanh.', 0, 0, 0, 0),
(84, 1, 'Iphone 11 64GB Đỏ', 'Iphone 11', '4GB', '64GB', '<table class=\"table\">\r\n							<tbody>\r\n								<tr>\r\n									<td>\r\n										<h5>Màn hình:</h5>\r\n									</td>\r\n									<td>\r\n										<h5>IPS LCD6.1\", Liquid Retina</h5>\r\n									</td>\r\n								</tr>\r\n								<tr>\r\n									<td>\r\n										<h5>Hệ điều hành:</h5>\r\n									</td>\r\n									<td>\r\n										<h5>iOS 15</h5>\r\n									</td>\r\n								</tr>\r\n								<tr>\r\n									<td>\r\n										<h5>Camera sau:</h5>\r\n									</td>\r\n									<td>\r\n										<h5>2 camera 12 MP</h5>\r\n									</td>\r\n								</tr>\r\n								<tr>\r\n									<td>\r\n										<h5>Camera trước:</h5>\r\n									</td>\r\n									<td>\r\n										<h5>12 MP</h5>\r\n									</td>\r\n								</tr>\r\n								<tr>\r\n									<td>\r\n										<h5>Chip:</h5>\r\n									</td>\r\n									<td>\r\n										<h5>Apple A13 Bionic</h5>\r\n									</td>\r\n								</tr>\r\n								<tr>\r\n									<td>\r\n										<h5>RAM:</h5>\r\n									</td>\r\n									<td>\r\n										<h5>4 GB</h5>\r\n									</td>\r\n								</tr>\r\n								<tr>\r\n									<td>\r\n										<h5>Dung lượng lưu trữ:</h5>\r\n									</td>\r\n									<td>\r\n										<h5>64 GB</h5>\r\n									</td>\r\n								</tr>\r\n								<tr>\r\n									<td>\r\n										<h5>SIM:</h5>\r\n									</td>\r\n									<td>\r\n										<h5>1 Nano SIM & 1 eSIM, Hỗ trợ 4G</h5>\r\n									</td>\r\n								</tr>\r\n								<tr>\r\n									<td>\r\n										<h5>Pin, Sạc:</h5>\r\n									</td>\r\n									<td>\r\n										<h5>3110 mAh, 18 W</h5>\r\n									</td>\r\n								</tr>\r\n							</tbody>\r\n						</table>', 14990000, 11990000, 34, 'https://cdn.tgdd.vn/Products/Images/42/153856/iphone-xi-do-200x200.jpg', 'iPhone 11 là chiếc điện thoại thuộc dòng iPhone được ra mắt vào ngày 10 tháng 9 năm 2019 cùng với iPhone 11 Pro và iPhone 11 Pro Max bởi CEO Tim Cook. Đây là phiên bản kế nhiệm của iPhone XR, với giá bán khởi điểm là 699 USD, rẻ hơn 50 USD so với iPhone XR. iPhone 11 được trang bị vi xử lý Apple A13 Bionic cùng với máy ảnh kép với tính năng chụp góc siêu rộng. Tuy nhiên iPhone 11 chỉ được trang bị sẵn sạc phổ thông 5W trong hộp giống với các thế hệ iPhone tiền nhiệm. Trong khi iPhone 11 Pro và 11 Pro Max được trang bị sạc nhanh 18W, mặc dù 3 phiên bản này đều sỡ hữu công nghệ sạc nhanh.', 0, 0, 0, 0),
(85, 1, 'Iphone 11 64GB Đen', 'Iphone 11', '4GB', '64GB', '<table class=\"table\">\r\n							<tbody>\r\n								<tr>\r\n									<td>\r\n										<h5>Màn hình:</h5>\r\n									</td>\r\n									<td>\r\n										<h5>IPS LCD6.1\", Liquid Retina</h5>\r\n									</td>\r\n								</tr>\r\n								<tr>\r\n									<td>\r\n										<h5>Hệ điều hành:</h5>\r\n									</td>\r\n									<td>\r\n										<h5>iOS 15</h5>\r\n									</td>\r\n								</tr>\r\n								<tr>\r\n									<td>\r\n										<h5>Camera sau:</h5>\r\n									</td>\r\n									<td>\r\n										<h5>2 camera 12 MP</h5>\r\n									</td>\r\n								</tr>\r\n								<tr>\r\n									<td>\r\n										<h5>Camera trước:</h5>\r\n									</td>\r\n									<td>\r\n										<h5>12 MP</h5>\r\n									</td>\r\n								</tr>\r\n								<tr>\r\n									<td>\r\n										<h5>Chip:</h5>\r\n									</td>\r\n									<td>\r\n										<h5>Apple A13 Bionic</h5>\r\n									</td>\r\n								</tr>\r\n								<tr>\r\n									<td>\r\n										<h5>RAM:</h5>\r\n									</td>\r\n									<td>\r\n										<h5>4 GB</h5>\r\n									</td>\r\n								</tr>\r\n								<tr>\r\n									<td>\r\n										<h5>Dung lượng lưu trữ:</h5>\r\n									</td>\r\n									<td>\r\n										<h5>64 GB</h5>\r\n									</td>\r\n								</tr>\r\n								<tr>\r\n									<td>\r\n										<h5>SIM:</h5>\r\n									</td>\r\n									<td>\r\n										<h5>1 Nano SIM & 1 eSIM, Hỗ trợ 4G</h5>\r\n									</td>\r\n								</tr>\r\n								<tr>\r\n									<td>\r\n										<h5>Pin, Sạc:</h5>\r\n									</td>\r\n									<td>\r\n										<h5>3110 mAh, 18 W</h5>\r\n									</td>\r\n								</tr>\r\n							</tbody>\r\n						</table>', 14990000, 11990000, 34, 'https://cdn.tgdd.vn/Products/Images/42/153856/iphone-xi-den-200x200.jpg', 'iPhone 11 là chiếc điện thoại thuộc dòng iPhone được ra mắt vào ngày 10 tháng 9 năm 2019 cùng với iPhone 11 Pro và iPhone 11 Pro Max bởi CEO Tim Cook. Đây là phiên bản kế nhiệm của iPhone XR, với giá bán khởi điểm là 699 USD, rẻ hơn 50 USD so với iPhone XR. iPhone 11 được trang bị vi xử lý Apple A13 Bionic cùng với máy ảnh kép với tính năng chụp góc siêu rộng. Tuy nhiên iPhone 11 chỉ được trang bị sẵn sạc phổ thông 5W trong hộp giống với các thế hệ iPhone tiền nhiệm. Trong khi iPhone 11 Pro và 11 Pro Max được trang bị sạc nhanh 18W, mặc dù 3 phiên bản này đều sỡ hữu công nghệ sạc nhanh.', 0, 0, 0, 0),
(86, 1, 'Iphone 11 128GB Trắng', 'Iphone 11', '4GB', '128GB', '<table class=\"table\">\r\n							<tbody>\r\n								<tr>\r\n									<td>\r\n										<h5>Màn hình:</h5>\r\n									</td>\r\n									<td>\r\n										<h5>IPS LCD 6.1\", Liquid Retina</h5>\r\n									</td>\r\n								</tr>\r\n								<tr>\r\n									<td>\r\n										<h5>Hệ điều hành:</h5>\r\n									</td>\r\n									<td>\r\n										<h5>iOS 15</h5>\r\n									</td>\r\n								</tr>\r\n								<tr>\r\n									<td>\r\n										<h5>Camera sau:</h5>\r\n									</td>\r\n									<td>\r\n										<h5>2 camera 12 MP</h5>\r\n									</td>\r\n								</tr>\r\n								<tr>\r\n									<td>\r\n										<h5>Camera trước:</h5>\r\n									</td>\r\n									<td>\r\n										<h5>12 MP</h5>\r\n									</td>\r\n								</tr>\r\n								<tr>\r\n									<td>\r\n										<h5>Chip:</h5>\r\n									</td>\r\n									<td>\r\n										<h5>Apple A13 Bionic</h5>\r\n									</td>\r\n								</tr>\r\n								<tr>\r\n									<td>\r\n										<h5>RAM:</h5>\r\n									</td>\r\n									<td>\r\n										<h5>4 GB</h5>\r\n									</td>\r\n								</tr>\r\n								<tr>\r\n									<td>\r\n										<h5>Dung lượng lưu trữ:</h5>\r\n									</td>\r\n									<td>\r\n										<h5>128 GB</h5>\r\n									</td>\r\n								</tr>\r\n								<tr>\r\n									<td>\r\n										<h5>SIM:</h5>\r\n									</td>\r\n									<td>\r\n										<h5>1 Nano SIM & 1 eSIM, Hỗ trợ 4G</h5>\r\n									</td>\r\n								</tr>\r\n								<tr>\r\n									<td>\r\n										<h5>Pin, Sạc:</h5>\r\n									</td>\r\n									<td>\r\n										<h5>3110 mAh, 18 W</h5>\r\n									</td>\r\n								</tr>\r\n							</tbody>\r\n						</table>', 16990000, 13990000, 34, 'https://cdn.tgdd.vn/Products/Images/42/210644/iphone-11-trang-200x200.jpg', 'iPhone 11 là chiếc điện thoại thuộc dòng iPhone được ra mắt vào ngày 10 tháng 9 năm 2019 cùng với iPhone 11 Pro và iPhone 11 Pro Max bởi CEO Tim Cook. Đây là phiên bản kế nhiệm của iPhone XR, với giá bán khởi điểm là 699 USD, rẻ hơn 50 USD so với iPhone XR. iPhone 11 được trang bị vi xử lý Apple A13 Bionic cùng với máy ảnh kép với tính năng chụp góc siêu rộng. Tuy nhiên iPhone 11 chỉ được trang bị sẵn sạc phổ thông 5W trong hộp giống với các thế hệ iPhone tiền nhiệm. Trong khi iPhone 11 Pro và 11 Pro Max được trang bị sạc nhanh 18W, mặc dù 3 phiên bản này đều sỡ hữu công nghệ sạc nhanh.', 0, 0, 0, 0),
(87, 1, 'Iphone 11 128GB Đen', 'Iphone 11', '4GB', '128GB', '<table class=\"table\">\r\n							<tbody>\r\n								<tr>\r\n									<td>\r\n										<h5>Màn hình:</h5>\r\n									</td>\r\n									<td>\r\n										<h5>IPS LCD 6.1\", Liquid Retina</h5>\r\n									</td>\r\n								</tr>\r\n								<tr>\r\n									<td>\r\n										<h5>Hệ điều hành:</h5>\r\n									</td>\r\n									<td>\r\n										<h5>iOS 15</h5>\r\n									</td>\r\n								</tr>\r\n								<tr>\r\n									<td>\r\n										<h5>Camera sau:</h5>\r\n									</td>\r\n									<td>\r\n										<h5>2 camera 12 MP</h5>\r\n									</td>\r\n								</tr>\r\n								<tr>\r\n									<td>\r\n										<h5>Camera trước:</h5>\r\n									</td>\r\n									<td>\r\n										<h5>12 MP</h5>\r\n									</td>\r\n								</tr>\r\n								<tr>\r\n									<td>\r\n										<h5>Chip:</h5>\r\n									</td>\r\n									<td>\r\n										<h5>Apple A13 Bionic</h5>\r\n									</td>\r\n								</tr>\r\n								<tr>\r\n									<td>\r\n										<h5>RAM:</h5>\r\n									</td>\r\n									<td>\r\n										<h5>4 GB</h5>\r\n									</td>\r\n								</tr>\r\n								<tr>\r\n									<td>\r\n										<h5>Dung lượng lưu trữ:</h5>\r\n									</td>\r\n									<td>\r\n										<h5>128 GB</h5>\r\n									</td>\r\n								</tr>\r\n								<tr>\r\n									<td>\r\n										<h5>SIM:</h5>\r\n									</td>\r\n									<td>\r\n										<h5>1 Nano SIM & 1 eSIM, Hỗ trợ 4G</h5>\r\n									</td>\r\n								</tr>\r\n								<tr>\r\n									<td>\r\n										<h5>Pin, Sạc:</h5>\r\n									</td>\r\n									<td>\r\n										<h5>3110 mAh, 18 W</h5>\r\n									</td>\r\n								</tr>\r\n							</tbody>\r\n						</table>', 16990000, 13990000, 9, 'https://cdn.tgdd.vn/Products/Images/42/210644/iphone-11-den-200x200.jpg', 'iPhone 11 là chiếc điện thoại thuộc dòng iPhone được ra mắt vào ngày 10 tháng 9 năm 2019 cùng với iPhone 11 Pro và iPhone 11 Pro Max bởi CEO Tim Cook. Đây là phiên bản kế nhiệm của iPhone XR, với giá bán khởi điểm là 699 USD, rẻ hơn 50 USD so với iPhone XR. iPhone 11 được trang bị vi xử lý Apple A13 Bionic cùng với máy ảnh kép với tính năng chụp góc siêu rộng. Tuy nhiên iPhone 11 chỉ được trang bị sẵn sạc phổ thông 5W trong hộp giống với các thế hệ iPhone tiền nhiệm. Trong khi iPhone 11 Pro và 11 Pro Max được trang bị sạc nhanh 18W, mặc dù 3 phiên bản này đều sỡ hữu công nghệ sạc nhanh.', 0, 0, 0, 0);
INSERT INTO `sanpham` (`MaSP`, `MaLSP`, `TenSP`, `TenSeries`, `Ram`, `Rom`, `ChiTiet`, `GiaGoc`, `GiaTien`, `SoLuong`, `HinhAnh`, `MoTa`, `New`, `Hot`, `SoSao`, `SoDanhGia`) VALUES
(89, 1, 'Iphone 13 Pro Max 512GB Vàng', 'Iphone 13', '6GB', '512GB', '<table class=\"table\">\r\n							<tbody>\r\n								<tr>\r\n									<td>\r\n										<h5>Màn hình:</h5>\r\n									</td>\r\n									<td>\r\n										<h5>OLED6.7\"Super Retina XDR</h5>\r\n									</td>\r\n								</tr>\r\n								<tr>\r\n									<td>\r\n										<h5>Hệ điều hành:</h5>\r\n									</td>\r\n									<td>\r\n										<h5>iOS 15</h5>\r\n									</td>\r\n								</tr>\r\n								<tr>\r\n									<td>\r\n										<h5>Camera sau:</h5>\r\n									</td>\r\n									<td>\r\n										<h5>3 camera 12 MP</h5>\r\n									</td>\r\n								</tr>\r\n								<tr>\r\n									<td>\r\n										<h5>Camera trước:</h5>\r\n									</td>\r\n									<td>\r\n										<h5>12 MP</h5>\r\n									</td>\r\n								</tr>\r\n								<tr>\r\n									<td>\r\n										<h5>Chip:</h5>\r\n									</td>\r\n									<td>\r\n										<h5>Apple A15 Bionic</h5>\r\n									</td>\r\n								</tr>\r\n								<tr>\r\n									<td>\r\n										<h5>RAM:</h5>\r\n									</td>\r\n									<td>\r\n										<h5>6 GB</h5>\r\n									</td>\r\n								</tr>\r\n								<tr>\r\n									<td>\r\n										<h5>Dung lượng lưu trữ:</h5>\r\n									</td>\r\n									<td>\r\n										<h5>512 GB</h5>\r\n									</td>\r\n								</tr>\r\n								<tr>\r\n									<td>\r\n										<h5>SIM:</h5>\r\n									</td>\r\n									<td>\r\n										<h5>1 Nano SIM & 1 eSIM, Hỗ trợ 5G</h5>\r\n									</td>\r\n								</tr>\r\n								<tr>\r\n									<td>\r\n										<h5>Pin, Sạc:</h5>\r\n									</td>\r\n									<td>\r\n										<h5>4352 mAh, 20 W</h5>\r\n									</td>\r\n								</tr>\r\n							</tbody>\r\n						</table>', 41990000, 34490000, 0, 'https://cdn.nguyenkimmall.com/images/detailed/756/dien-thoai-iphone-13-pro-max-512gb-vang-dong-1.jpg', 'Điện thoại iPhone 13 Pro Max 512 GB - siêu phẩm được mong chờ nhất ở nửa cuối năm 2021 đến từ Apple. Máy có thiết kế không mấy đột phá khi so với người tiền nhiệm, bên trong đây vẫn là một sản phẩm có màn hình siêu đẹp, tần số quét được nâng cấp lên 120 Hz mượt mà, cảm biến camera có kích thước lớn hơn, cùng hiệu năng mạnh mẽ với sức mạnh đến từ Apple A15 Bionic, sẵn sàng cùng bạn chinh phục mọi thử thách.', 0, 0, 0, 0),
(90, 1, 'Iphone 13 Pro Max 512GB Xám', 'Iphone 13', '6GB', '512GB', '<table class=\"table\">\r\n							<tbody>\r\n								<tr>\r\n									<td>\r\n										<h5>Màn hình:</h5>\r\n									</td>\r\n									<td>\r\n										<h5>OLED6.7\"Super Retina XDR</h5>\r\n									</td>\r\n								</tr>\r\n								<tr>\r\n									<td>\r\n										<h5>Hệ điều hành:</h5>\r\n									</td>\r\n									<td>\r\n										<h5>iOS 15</h5>\r\n									</td>\r\n								</tr>\r\n								<tr>\r\n									<td>\r\n										<h5>Camera sau:</h5>\r\n									</td>\r\n									<td>\r\n										<h5>3 camera 12 MP</h5>\r\n									</td>\r\n								</tr>\r\n								<tr>\r\n									<td>\r\n										<h5>Camera trước:</h5>\r\n									</td>\r\n									<td>\r\n										<h5>12 MP</h5>\r\n									</td>\r\n								</tr>\r\n								<tr>\r\n									<td>\r\n										<h5>Chip:</h5>\r\n									</td>\r\n									<td>\r\n										<h5>Apple A15 Bionic</h5>\r\n									</td>\r\n								</tr>\r\n								<tr>\r\n									<td>\r\n										<h5>RAM:</h5>\r\n									</td>\r\n									<td>\r\n										<h5>6 GB</h5>\r\n									</td>\r\n								</tr>\r\n								<tr>\r\n									<td>\r\n										<h5>Dung lượng lưu trữ:</h5>\r\n									</td>\r\n									<td>\r\n										<h5>512 GB</h5>\r\n									</td>\r\n								</tr>\r\n								<tr>\r\n									<td>\r\n										<h5>SIM:</h5>\r\n									</td>\r\n									<td>\r\n										<h5>1 Nano SIM & 1 eSIM, Hỗ trợ 5G</h5>\r\n									</td>\r\n								</tr>\r\n								<tr>\r\n									<td>\r\n										<h5>Pin, Sạc:</h5>\r\n									</td>\r\n									<td>\r\n										<h5>4352 mAh, 20 W</h5>\r\n									</td>\r\n								</tr>\r\n							</tbody>\r\n						</table>', 41990000, 34490000, 0, 'https://cdn.nguyenkimmall.com/images/detailed/756/dien-thoai-iphone-13-pro-max-512gb-xam-1.jpg', 'Điện thoại iPhone 13 Pro Max 512 GB - siêu phẩm được mong chờ nhất ở nửa cuối năm 2021 đến từ Apple. Máy có thiết kế không mấy đột phá khi so với người tiền nhiệm, bên trong đây vẫn là một sản phẩm có màn hình siêu đẹp, tần số quét được nâng cấp lên 120 Hz mượt mà, cảm biến camera có kích thước lớn hơn, cùng hiệu năng mạnh mẽ với sức mạnh đến từ Apple A15 Bionic, sẵn sàng cùng bạn chinh phục mọi thử thách.', 0, 0, 0, 0),
(91, 1, 'Iphone 13 128GB Xanh dương', 'Iphone 13', '4GB', '128GB', '<table class=\"table\">\r\n							<tbody>\r\n								<tr>\r\n									<td>\r\n										<h5>Màn hình:</h5>\r\n									</td>\r\n									<td>\r\n										<h5>OLED6.7\"Super Retina XDR</h5>\r\n									</td>\r\n								</tr>\r\n								<tr>\r\n									<td>\r\n										<h5>Hệ điều hành:</h5>\r\n									</td>\r\n									<td>\r\n										<h5>iOS 15</h5>\r\n									</td>\r\n								</tr>\r\n								<tr>\r\n									<td>\r\n										<h5>Camera sau:</h5>\r\n									</td>\r\n									<td>\r\n										<h5>3 camera 12 MP</h5>\r\n									</td>\r\n								</tr>\r\n								<tr>\r\n									<td>\r\n										<h5>Camera trước:</h5>\r\n									</td>\r\n									<td>\r\n										<h5>12 MP</h5>\r\n									</td>\r\n								</tr>\r\n								<tr>\r\n									<td>\r\n										<h5>Chip:</h5>\r\n									</td>\r\n									<td>\r\n										<h5>Apple A15 Bionic</h5>\r\n									</td>\r\n								</tr>\r\n								<tr>\r\n									<td>\r\n										<h5>RAM:</h5>\r\n									</td>\r\n									<td>\r\n										<h5>4 GB</h5>\r\n									</td>\r\n								</tr>\r\n								<tr>\r\n									<td>\r\n										<h5>Dung lượng lưu trữ:</h5>\r\n									</td>\r\n									<td>\r\n										<h5>128 GB</h5>\r\n									</td>\r\n								</tr>\r\n								<tr>\r\n									<td>\r\n										<h5>SIM:</h5>\r\n									</td>\r\n									<td>\r\n										<h5>1 Nano SIM & 1 eSIM, Hỗ trợ 5G</h5>\r\n									</td>\r\n								</tr>\r\n								<tr>\r\n									<td>\r\n										<h5>Pin, Sạc:</h5>\r\n									</td>\r\n									<td>\r\n										<h5>3240 mAh, 20 W</h5>\r\n									</td>\r\n								</tr>\r\n							</tbody>\r\n						</table>', 24990000, 19990000, 5, 'https://cdn.nguyenkimmall.com/images/detailed/756/dien-thoai-iphone-13-128gb-xanh-duong-1.jpg', 'Trong khi sức hút đến từ bộ 4 phiên bản iPhone 12 vẫn chưa nguội đi, thì hãng điện thoại Apple đã mang đến cho người dùng một siêu phẩm mới iPhone 13 với nhiều cải tiến thú vị sẽ mang lại những trải nghiệm hấp dẫn nhất cho người dùng.', 1, 0, 0, 0),
(92, 1, 'Iphone 13 128GB Xanh lá', 'Iphone 13', '4GB', '128GB', '<table class=\"table\">\r\n							<tbody>\r\n								<tr>\r\n									<td>\r\n										<h5>Màn hình:</h5>\r\n									</td>\r\n									<td>\r\n										<h5>OLED6.7\"Super Retina XDR</h5>\r\n									</td>\r\n								</tr>\r\n								<tr>\r\n									<td>\r\n										<h5>Hệ điều hành:</h5>\r\n									</td>\r\n									<td>\r\n										<h5>iOS 15</h5>\r\n									</td>\r\n								</tr>\r\n								<tr>\r\n									<td>\r\n										<h5>Camera sau:</h5>\r\n									</td>\r\n									<td>\r\n										<h5>3 camera 12 MP</h5>\r\n									</td>\r\n								</tr>\r\n								<tr>\r\n									<td>\r\n										<h5>Camera trước:</h5>\r\n									</td>\r\n									<td>\r\n										<h5>12 MP</h5>\r\n									</td>\r\n								</tr>\r\n								<tr>\r\n									<td>\r\n										<h5>Chip:</h5>\r\n									</td>\r\n									<td>\r\n										<h5>Apple A15 Bionic</h5>\r\n									</td>\r\n								</tr>\r\n								<tr>\r\n									<td>\r\n										<h5>RAM:</h5>\r\n									</td>\r\n									<td>\r\n										<h5>4 GB</h5>\r\n									</td>\r\n								</tr>\r\n								<tr>\r\n									<td>\r\n										<h5>Dung lượng lưu trữ:</h5>\r\n									</td>\r\n									<td>\r\n										<h5>128 GB</h5>\r\n									</td>\r\n								</tr>\r\n								<tr>\r\n									<td>\r\n										<h5>SIM:</h5>\r\n									</td>\r\n									<td>\r\n										<h5>1 Nano SIM & 1 eSIM, Hỗ trợ 5G</h5>\r\n									</td>\r\n								</tr>\r\n								<tr>\r\n									<td>\r\n										<h5>Pin, Sạc:</h5>\r\n									</td>\r\n									<td>\r\n										<h5>3240 mAh, 20 W</h5>\r\n									</td>\r\n								</tr>\r\n							</tbody>\r\n						</table>', 24990000, 19990000, 5, 'https://cdn.nguyenkimmall.com/images/detailed/788/dien-thoai-iphone-13-128gb-xanh-la-1.jpg', 'Trong khi sức hút đến từ bộ 4 phiên bản iPhone 12 vẫn chưa nguội đi, thì hãng điện thoại Apple đã mang đến cho người dùng một siêu phẩm mới iPhone 13 với nhiều cải tiến thú vị sẽ mang lại những trải nghiệm hấp dẫn nhất cho người dùng.', 1, 0, 0, 0),
(93, 1, 'Iphone 13 128GB Đen', 'Iphone 13', '4GB', '128GB', '<table class=\"table\">\r\n							<tbody>\r\n								<tr>\r\n									<td>\r\n										<h5>Màn hình:</h5>\r\n									</td>\r\n									<td>\r\n										<h5>OLED6.7\"Super Retina XDR</h5>\r\n									</td>\r\n								</tr>\r\n								<tr>\r\n									<td>\r\n										<h5>Hệ điều hành:</h5>\r\n									</td>\r\n									<td>\r\n										<h5>iOS 15</h5>\r\n									</td>\r\n								</tr>\r\n								<tr>\r\n									<td>\r\n										<h5>Camera sau:</h5>\r\n									</td>\r\n									<td>\r\n										<h5>3 camera 12 MP</h5>\r\n									</td>\r\n								</tr>\r\n								<tr>\r\n									<td>\r\n										<h5>Camera trước:</h5>\r\n									</td>\r\n									<td>\r\n										<h5>12 MP</h5>\r\n									</td>\r\n								</tr>\r\n								<tr>\r\n									<td>\r\n										<h5>Chip:</h5>\r\n									</td>\r\n									<td>\r\n										<h5>Apple A15 Bionic</h5>\r\n									</td>\r\n								</tr>\r\n								<tr>\r\n									<td>\r\n										<h5>RAM:</h5>\r\n									</td>\r\n									<td>\r\n										<h5>4 GB</h5>\r\n									</td>\r\n								</tr>\r\n								<tr>\r\n									<td>\r\n										<h5>Dung lượng lưu trữ:</h5>\r\n									</td>\r\n									<td>\r\n										<h5>128 GB</h5>\r\n									</td>\r\n								</tr>\r\n								<tr>\r\n									<td>\r\n										<h5>SIM:</h5>\r\n									</td>\r\n									<td>\r\n										<h5>1 Nano SIM & 1 eSIM, Hỗ trợ 5G</h5>\r\n									</td>\r\n								</tr>\r\n								<tr>\r\n									<td>\r\n										<h5>Pin, Sạc:</h5>\r\n									</td>\r\n									<td>\r\n										<h5>3240 mAh, 20 W</h5>\r\n									</td>\r\n								</tr>\r\n							</tbody>\r\n						</table>', 24990000, 19990000, 5, 'https://cdn.nguyenkimmall.com/images/detailed/756/dien-thoai-iphone-13-128gb-den-1.jpg', 'Trong khi sức hút đến từ bộ 4 phiên bản iPhone 12 vẫn chưa nguội đi, thì hãng điện thoại Apple đã mang đến cho người dùng một siêu phẩm mới iPhone 13 với nhiều cải tiến thú vị sẽ mang lại những trải nghiệm hấp dẫn nhất cho người dùng.', 0, 0, 0, 0),
(94, 1, 'Iphone 12 128GB Xanh lá', 'Iphone 12', '4GB', '128GB', '<table class=\"table\">\r\n							<tbody>\r\n								<tr>\r\n									<td>\r\n										<h5>Màn hình:</h5>\r\n									</td>\r\n									<td>\r\n										<h5>OLED6.1\"Super Retina XDR</h5>\r\n									</td>\r\n								</tr>\r\n								<tr>\r\n									<td>\r\n										<h5>Hệ điều hành:</h5>\r\n									</td>\r\n									<td>\r\n										<h5>iOS 15</h5>\r\n									</td>\r\n								</tr>\r\n								<tr>\r\n									<td>\r\n										<h5>Camera sau:</h5>\r\n									</td>\r\n									<td>\r\n										<h5>2 camera 12 MP</h5>\r\n									</td>\r\n								</tr>\r\n								<tr>\r\n									<td>\r\n										<h5>Camera trước:</h5>\r\n									</td>\r\n									<td>\r\n										<h5>12 MP</h5>\r\n									</td>\r\n								</tr>\r\n								<tr>\r\n									<td>\r\n										<h5>Chip:</h5>\r\n									</td>\r\n									<td>\r\n										<h5>Apple A14 Bionic</h5>\r\n									</td>\r\n								</tr>\r\n								<tr>\r\n									<td>\r\n										<h5>RAM:</h5>\r\n									</td>\r\n									<td>\r\n										<h5>4 GB</h5>\r\n									</td>\r\n								</tr>\r\n								<tr>\r\n									<td>\r\n										<h5>Dung lượng lưu trữ:</h5>\r\n									</td>\r\n									<td>\r\n										<h5>128 GB</h5>\r\n									</td>\r\n								</tr>\r\n								<tr>\r\n									<td>\r\n										<h5>SIM:</h5>\r\n									</td>\r\n									<td>\r\n										<h5>1 Nano SIM & 1 eSIM, Hỗ trợ 5G</h5>\r\n									</td>\r\n								</tr>\r\n								<tr>\r\n									<td>\r\n										<h5>Pin, Sạc:</h5>\r\n									</td>\r\n									<td>\r\n										<h5>2815 mAh, 20 W</h5>\r\n									</td>\r\n								</tr>\r\n							</tbody>\r\n						</table>', 21990000, 18490000, 13, 'https://cdn.tgdd.vn/Products/Images/42/228736/iphone-12-xanh-la-200x200.jpg', 'Trong những tháng cuối năm 2020, Apple đã chính thức giới thiệu đến người dùng cũng như iFan thế hệ iPhone 12 series mới với hàng loạt tính năng bứt phá, thiết kế được lột xác hoàn toàn, hiệu năng đầy mạnh mẽ và một trong số đó chính là iPhone 12 64GB.', 0, 0, 0, 0),
(95, 1, 'Iphone 12 128GB Xanh dương', 'Iphone 12', '4GB', '128GB', '<table class=\"table\">\r\n							<tbody>\r\n								<tr>\r\n									<td>\r\n										<h5>Màn hình:</h5>\r\n									</td>\r\n									<td>\r\n										<h5>OLED6.1\"Super Retina XDR</h5>\r\n									</td>\r\n								</tr>\r\n								<tr>\r\n									<td>\r\n										<h5>Hệ điều hành:</h5>\r\n									</td>\r\n									<td>\r\n										<h5>iOS 15</h5>\r\n									</td>\r\n								</tr>\r\n								<tr>\r\n									<td>\r\n										<h5>Camera sau:</h5>\r\n									</td>\r\n									<td>\r\n										<h5>2 camera 12 MP</h5>\r\n									</td>\r\n								</tr>\r\n								<tr>\r\n									<td>\r\n										<h5>Camera trước:</h5>\r\n									</td>\r\n									<td>\r\n										<h5>12 MP</h5>\r\n									</td>\r\n								</tr>\r\n								<tr>\r\n									<td>\r\n										<h5>Chip:</h5>\r\n									</td>\r\n									<td>\r\n										<h5>Apple A14 Bionic</h5>\r\n									</td>\r\n								</tr>\r\n								<tr>\r\n									<td>\r\n										<h5>RAM:</h5>\r\n									</td>\r\n									<td>\r\n										<h5>4 GB</h5>\r\n									</td>\r\n								</tr>\r\n								<tr>\r\n									<td>\r\n										<h5>Dung lượng lưu trữ:</h5>\r\n									</td>\r\n									<td>\r\n										<h5>128 GB</h5>\r\n									</td>\r\n								</tr>\r\n								<tr>\r\n									<td>\r\n										<h5>SIM:</h5>\r\n									</td>\r\n									<td>\r\n										<h5>1 Nano SIM & 1 eSIM, Hỗ trợ 5G</h5>\r\n									</td>\r\n								</tr>\r\n								<tr>\r\n									<td>\r\n										<h5>Pin, Sạc:</h5>\r\n									</td>\r\n									<td>\r\n										<h5>2815 mAh, 20 W</h5>\r\n									</td>\r\n								</tr>\r\n							</tbody>\r\n						</table>', 21990000, 18490000, 13, 'https://cdn.tgdd.vn/Products/Images/42/228736/iphone-12-xanh-duong-200x200.jpg', 'Trong những tháng cuối năm 2020, Apple đã chính thức giới thiệu đến người dùng cũng như iFan thế hệ iPhone 12 series mới với hàng loạt tính năng bứt phá, thiết kế được lột xác hoàn toàn, hiệu năng đầy mạnh mẽ và một trong số đó chính là iPhone 12 64GB.', 0, 0, 0, 0),
(96, 1, 'Iphone 12 128GB Đỏ', 'Iphone 12', '4GB', '128GB', '<table class=\"table\">\r\n							<tbody>\r\n								<tr>\r\n									<td>\r\n										<h5>Màn hình:</h5>\r\n									</td>\r\n									<td>\r\n										<h5>OLED6.1\"Super Retina XDR</h5>\r\n									</td>\r\n								</tr>\r\n								<tr>\r\n									<td>\r\n										<h5>Hệ điều hành:</h5>\r\n									</td>\r\n									<td>\r\n										<h5>iOS 15</h5>\r\n									</td>\r\n								</tr>\r\n								<tr>\r\n									<td>\r\n										<h5>Camera sau:</h5>\r\n									</td>\r\n									<td>\r\n										<h5>2 camera 12 MP</h5>\r\n									</td>\r\n								</tr>\r\n								<tr>\r\n									<td>\r\n										<h5>Camera trước:</h5>\r\n									</td>\r\n									<td>\r\n										<h5>12 MP</h5>\r\n									</td>\r\n								</tr>\r\n								<tr>\r\n									<td>\r\n										<h5>Chip:</h5>\r\n									</td>\r\n									<td>\r\n										<h5>Apple A14 Bionic</h5>\r\n									</td>\r\n								</tr>\r\n								<tr>\r\n									<td>\r\n										<h5>RAM:</h5>\r\n									</td>\r\n									<td>\r\n										<h5>4 GB</h5>\r\n									</td>\r\n								</tr>\r\n								<tr>\r\n									<td>\r\n										<h5>Dung lượng lưu trữ:</h5>\r\n									</td>\r\n									<td>\r\n										<h5>128 GB</h5>\r\n									</td>\r\n								</tr>\r\n								<tr>\r\n									<td>\r\n										<h5>SIM:</h5>\r\n									</td>\r\n									<td>\r\n										<h5>1 Nano SIM & 1 eSIM, Hỗ trợ 5G</h5>\r\n									</td>\r\n								</tr>\r\n								<tr>\r\n									<td>\r\n										<h5>Pin, Sạc:</h5>\r\n									</td>\r\n									<td>\r\n										<h5>2815 mAh, 20 W</h5>\r\n									</td>\r\n								</tr>\r\n							</tbody>\r\n						</table>', 21990000, 18490000, 13, 'https://cdn.tgdd.vn/Products/Images/42/228736/iphone-12-do-200x200.jpg', 'Trong những tháng cuối năm 2020, Apple đã chính thức giới thiệu đến người dùng cũng như iFan thế hệ iPhone 12 series mới với hàng loạt tính năng bứt phá, thiết kế được lột xác hoàn toàn, hiệu năng đầy mạnh mẽ và một trong số đó chính là iPhone 12 64GB.', 0, 0, 0, 0),
(97, 1, 'Iphone 12 128GB Trắng', 'Iphone 12', '4GB', '128GB', '<table class=\"table\">\r\n							<tbody>\r\n								<tr>\r\n									<td>\r\n										<h5>Màn hình:</h5>\r\n									</td>\r\n									<td>\r\n										<h5>OLED6.1\"Super Retina XDR</h5>\r\n									</td>\r\n								</tr>\r\n								<tr>\r\n									<td>\r\n										<h5>Hệ điều hành:</h5>\r\n									</td>\r\n									<td>\r\n										<h5>iOS 15</h5>\r\n									</td>\r\n								</tr>\r\n								<tr>\r\n									<td>\r\n										<h5>Camera sau:</h5>\r\n									</td>\r\n									<td>\r\n										<h5>2 camera 12 MP</h5>\r\n									</td>\r\n								</tr>\r\n								<tr>\r\n									<td>\r\n										<h5>Camera trước:</h5>\r\n									</td>\r\n									<td>\r\n										<h5>12 MP</h5>\r\n									</td>\r\n								</tr>\r\n								<tr>\r\n									<td>\r\n										<h5>Chip:</h5>\r\n									</td>\r\n									<td>\r\n										<h5>Apple A14 Bionic</h5>\r\n									</td>\r\n								</tr>\r\n								<tr>\r\n									<td>\r\n										<h5>RAM:</h5>\r\n									</td>\r\n									<td>\r\n										<h5>4 GB</h5>\r\n									</td>\r\n								</tr>\r\n								<tr>\r\n									<td>\r\n										<h5>Dung lượng lưu trữ:</h5>\r\n									</td>\r\n									<td>\r\n										<h5>128 GB</h5>\r\n									</td>\r\n								</tr>\r\n								<tr>\r\n									<td>\r\n										<h5>SIM:</h5>\r\n									</td>\r\n									<td>\r\n										<h5>1 Nano SIM & 1 eSIM, Hỗ trợ 5G</h5>\r\n									</td>\r\n								</tr>\r\n								<tr>\r\n									<td>\r\n										<h5>Pin, Sạc:</h5>\r\n									</td>\r\n									<td>\r\n										<h5>2815 mAh, 20 W</h5>\r\n									</td>\r\n								</tr>\r\n							</tbody>\r\n						</table>', 21990000, 18490000, 13, 'https://cdn.tgdd.vn/Products/Images/42/228736/iphone-12-trang-200x200.jpg', 'Trong những tháng cuối năm 2020, Apple đã chính thức giới thiệu đến người dùng cũng như iFan thế hệ iPhone 12 series mới với hàng loạt tính năng bứt phá, thiết kế được lột xác hoàn toàn, hiệu năng đầy mạnh mẽ và một trong số đó chính là iPhone 12 64GB.', 0, 0, 0, 0),
(98, 1, 'Iphone 12 mini 256GB Đỏ', 'Iphone 12', '4GB', '256GB', '<table class=\"table\">\r\n							<tbody>\r\n								<tr>\r\n									<td>\r\n										<h5>Màn hình:</h5>\r\n									</td>\r\n									<td>\r\n										<h5>OLED6.1\"Super Retina XDR</h5>\r\n									</td>\r\n								</tr>\r\n								<tr>\r\n									<td>\r\n										<h5>Hệ điều hành:</h5>\r\n									</td>\r\n									<td>\r\n										<h5>iOS 15</h5>\r\n									</td>\r\n								</tr>\r\n								<tr>\r\n									<td>\r\n										<h5>Camera sau:</h5>\r\n									</td>\r\n									<td>\r\n										<h5>2 camera 12 MP</h5>\r\n									</td>\r\n								</tr>\r\n								<tr>\r\n									<td>\r\n										<h5>Camera trước:</h5>\r\n									</td>\r\n									<td>\r\n										<h5>12 MP</h5>\r\n									</td>\r\n								</tr>\r\n								<tr>\r\n									<td>\r\n										<h5>Chip:</h5>\r\n									</td>\r\n									<td>\r\n										<h5>Apple A14 Bionic</h5>\r\n									</td>\r\n								</tr>\r\n								<tr>\r\n									<td>\r\n										<h5>RAM:</h5>\r\n									</td>\r\n									<td>\r\n										<h5>4 GB</h5>\r\n									</td>\r\n								</tr>\r\n								<tr>\r\n									<td>\r\n										<h5>Dung lượng lưu trữ:</h5>\r\n									</td>\r\n									<td>\r\n										<h5>256 GB</h5>\r\n									</td>\r\n								</tr>\r\n								<tr>\r\n									<td>\r\n										<h5>SIM:</h5>\r\n									</td>\r\n									<td>\r\n										<h5>1 Nano SIM & 1 eSIM, Hỗ trợ 5G</h5>\r\n									</td>\r\n								</tr>\r\n								<tr>\r\n									<td>\r\n										<h5>Pin, Sạc:</h5>\r\n									</td>\r\n									<td>\r\n										<h5>2815 mAh, 20 W</h5>\r\n									</td>\r\n								</tr>\r\n							</tbody>\r\n						</table>', 22990000, 21990000, 13, 'https://cdn.tgdd.vn/Products/Images/42/228742/iphone-12-mini-do-600x600.jpeg', 'Trong những tháng cuối năm 2020, Apple đã chính thức giới thiệu đến người dùng cũng như iFan thế hệ iPhone 12 series mới với hàng loạt tính năng bứt phá, thiết kế được lột xác hoàn toàn, hiệu năng đầy mạnh mẽ và một trong số đó chính là iPhone 12 64GB.', 0, 0, 0, 0),
(99, 1, 'Iphone 12 256GB Tím', 'Iphone 12', '4GB', '256GB', '<table class=\"table\">\r\n							<tbody>\r\n								<tr>\r\n									<td>\r\n										<h5>Màn hình:</h5>\r\n									</td>\r\n									<td>\r\n										<h5>OLED6.1\"Super Retina XDR</h5>\r\n									</td>\r\n								</tr>\r\n								<tr>\r\n									<td>\r\n										<h5>Hệ điều hành:</h5>\r\n									</td>\r\n									<td>\r\n										<h5>iOS 15</h5>\r\n									</td>\r\n								</tr>\r\n								<tr>\r\n									<td>\r\n										<h5>Camera sau:</h5>\r\n									</td>\r\n									<td>\r\n										<h5>2 camera 12 MP</h5>\r\n									</td>\r\n								</tr>\r\n								<tr>\r\n									<td>\r\n										<h5>Camera trước:</h5>\r\n									</td>\r\n									<td>\r\n										<h5>12 MP</h5>\r\n									</td>\r\n								</tr>\r\n								<tr>\r\n									<td>\r\n										<h5>Chip:</h5>\r\n									</td>\r\n									<td>\r\n										<h5>Apple A14 Bionic</h5>\r\n									</td>\r\n								</tr>\r\n								<tr>\r\n									<td>\r\n										<h5>RAM:</h5>\r\n									</td>\r\n									<td>\r\n										<h5>4 GB</h5>\r\n									</td>\r\n								</tr>\r\n								<tr>\r\n									<td>\r\n										<h5>Dung lượng lưu trữ:</h5>\r\n									</td>\r\n									<td>\r\n										<h5>128 GB</h5>\r\n									</td>\r\n								</tr>\r\n								<tr>\r\n									<td>\r\n										<h5>SIM:</h5>\r\n									</td>\r\n									<td>\r\n										<h5>1 Nano SIM & 1 eSIM, Hỗ trợ 5G</h5>\r\n									</td>\r\n								</tr>\r\n								<tr>\r\n									<td>\r\n										<h5>Pin, Sạc:</h5>\r\n									</td>\r\n									<td>\r\n										<h5>2815 mAh, 20 W</h5>\r\n									</td>\r\n								</tr>\r\n							</tbody>\r\n						</table>', 23990000, 19490000, 13, 'https://cdn.tgdd.vn/Products/Images/42/213031/iphone-12-tim-1-600x600.jpg', 'Trong những tháng cuối năm 2020, Apple đã chính thức giới thiệu đến người dùng cũng như iFan thế hệ iPhone 12 series mới với hàng loạt tính năng bứt phá, thiết kế được lột xác hoàn toàn, hiệu năng đầy mạnh mẽ và một trong số đó chính là iPhone 12 256GB.', 0, 0, 0, 0),
(100, 1, 'iPhone 14 256GB Tím nhạt', 'Iphone 14', '6GB', '256GB', '<table class=\"table\">\r\n							<tbody>\r\n								<tr>\r\n									<td>\r\n										<h5>Màn hình:</h5>\r\n									</td>\r\n									<td>\r\n										<h5>OLED6.1\"Super Retina XDR</h5>\r\n									</td>\r\n								</tr>\r\n								<tr>\r\n									<td>\r\n										<h5>Hệ điều hành:</h5>\r\n									</td>\r\n									<td>\r\n										<h5>iOS 16</h5>\r\n									</td>\r\n								</tr>\r\n								<tr>\r\n									<td>\r\n										<h5>Camera sau:</h5>\r\n									</td>\r\n									<td>\r\n										<h5>2 camera 12 MP</h5>\r\n									</td>\r\n								</tr>\r\n								<tr>\r\n									<td>\r\n										<h5>Camera trước:</h5>\r\n									</td>\r\n									<td>\r\n										<h5>12 MP</h5>\r\n									</td>\r\n								</tr>\r\n								<tr>\r\n									<td>\r\n										<h5>Chip:</h5>\r\n									</td>\r\n									<td>\r\n										<h5>Apple A15 Bionic</h5>\r\n									</td>\r\n								</tr>\r\n								<tr>\r\n									<td>\r\n										<h5>RAM:</h5>\r\n									</td>\r\n									<td>\r\n										<h5>6 GB</h5>\r\n									</td>\r\n								</tr>\r\n								<tr>\r\n									<td>\r\n										<h5>Dung lượng lưu trữ:</h5>\r\n									</td>\r\n									<td>\r\n										<h5>256 GB</h5>\r\n									</td>\r\n								</tr>\r\n								<tr>\r\n									<td>\r\n										<h5>SIM:</h5>\r\n									</td>\r\n									<td>\r\n										<h5>1 Nano SIM & 1 eSIM, Hỗ trợ 5G</h5>\r\n									</td>\r\n								</tr>\r\n								<tr>\r\n									<td>\r\n										<h5>Pin, Sạc:</h5>\r\n									</td>\r\n									<td>\r\n										<h5>3279 mAh20 W</h5>\r\n									</td>\r\n								</tr>\r\n							</tbody>\r\n						</table>', 27990000, 24990000, 0, 'https://cdn01.dienmaycholon.vn/filewebdmclnew/DMCL21/Picture//Apro/Apro_product_31447/iphone-14-256gb_main_907_1020.png.webp', 'Sau bao khoảng thời gian dài chờ đợi thì vào ngày 08/09 chiếc điện thoại iPhone 14 cũng đã chính thức được lộ diện, với hàng loạt thông số kỹ thuật ấn tượng từ camera cho đến hiệu năng cực khủng. Từ ngày 14/10/2022 tại Thế Giới Di Động cũng đã chính thức mở bán tất cả các phiên bản iPhone 14 series để người dùng có thể sớm ngày được trải nghiệm.', 0, 0, 0, 0),
(101, 1, 'iPhone 14 256GB Xanh dương', 'Iphone 14', '6GB', '256GB', '<table class=\"table\">\r\n							<tbody>\r\n								<tr>\r\n									<td>\r\n										<h5>Màn hình:</h5>\r\n									</td>\r\n									<td>\r\n										<h5>OLED6.1\"Super Retina XDR</h5>\r\n									</td>\r\n								</tr>\r\n								<tr>\r\n									<td>\r\n										<h5>Hệ điều hành:</h5>\r\n									</td>\r\n									<td>\r\n										<h5>iOS 16</h5>\r\n									</td>\r\n								</tr>\r\n								<tr>\r\n									<td>\r\n										<h5>Camera sau:</h5>\r\n									</td>\r\n									<td>\r\n										<h5>2 camera 12 MP</h5>\r\n									</td>\r\n								</tr>\r\n								<tr>\r\n									<td>\r\n										<h5>Camera trước:</h5>\r\n									</td>\r\n									<td>\r\n										<h5>12 MP</h5>\r\n									</td>\r\n								</tr>\r\n								<tr>\r\n									<td>\r\n										<h5>Chip:</h5>\r\n									</td>\r\n									<td>\r\n										<h5>Apple A15 Bionic</h5>\r\n									</td>\r\n								</tr>\r\n								<tr>\r\n									<td>\r\n										<h5>RAM:</h5>\r\n									</td>\r\n									<td>\r\n										<h5>6 GB</h5>\r\n									</td>\r\n								</tr>\r\n								<tr>\r\n									<td>\r\n										<h5>Dung lượng lưu trữ:</h5>\r\n									</td>\r\n									<td>\r\n										<h5>256 GB</h5>\r\n									</td>\r\n								</tr>\r\n								<tr>\r\n									<td>\r\n										<h5>SIM:</h5>\r\n									</td>\r\n									<td>\r\n										<h5>1 Nano SIM & 1 eSIM, Hỗ trợ 5G</h5>\r\n									</td>\r\n								</tr>\r\n								<tr>\r\n									<td>\r\n										<h5>Pin, Sạc:</h5>\r\n									</td>\r\n									<td>\r\n										<h5>3279 mAh20 W</h5>\r\n									</td>\r\n								</tr>\r\n							</tbody>\r\n						</table>', 27990000, 24990000, 0, 'https://www.nguyenkim.com/images/detailed/825/dien-thoai-iphone-14-plus-256gb-xanh-duong-4.jpg', 'Sau bao khoảng thời gian dài chờ đợi thì vào ngày 08/09 chiếc điện thoại iPhone 14 cũng đã chính thức được lộ diện, với hàng loạt thông số kỹ thuật ấn tượng từ camera cho đến hiệu năng cực khủng. Từ ngày 14/10/2022 tại Thế Giới Di Động cũng đã chính thức mở bán tất cả các phiên bản iPhone 14 series để người dùng có thể sớm ngày được trải nghiệm.', 0, 0, 0, 0),
(102, 1, 'iPhone 14 256GB Đen', 'Iphone 14', '6GB', '256GB', '<table class=\"table\">\r\n							<tbody>\r\n								<tr>\r\n									<td>\r\n										<h5>Màn hình:</h5>\r\n									</td>\r\n									<td>\r\n										<h5>OLED6.1\"Super Retina XDR</h5>\r\n									</td>\r\n								</tr>\r\n								<tr>\r\n									<td>\r\n										<h5>Hệ điều hành:</h5>\r\n									</td>\r\n									<td>\r\n										<h5>iOS 16</h5>\r\n									</td>\r\n								</tr>\r\n								<tr>\r\n									<td>\r\n										<h5>Camera sau:</h5>\r\n									</td>\r\n									<td>\r\n										<h5>2 camera 12 MP</h5>\r\n									</td>\r\n								</tr>\r\n								<tr>\r\n									<td>\r\n										<h5>Camera trước:</h5>\r\n									</td>\r\n									<td>\r\n										<h5>12 MP</h5>\r\n									</td>\r\n								</tr>\r\n								<tr>\r\n									<td>\r\n										<h5>Chip:</h5>\r\n									</td>\r\n									<td>\r\n										<h5>Apple A15 Bionic</h5>\r\n									</td>\r\n								</tr>\r\n								<tr>\r\n									<td>\r\n										<h5>RAM:</h5>\r\n									</td>\r\n									<td>\r\n										<h5>6 GB</h5>\r\n									</td>\r\n								</tr>\r\n								<tr>\r\n									<td>\r\n										<h5>Dung lượng lưu trữ:</h5>\r\n									</td>\r\n									<td>\r\n										<h5>256 GB</h5>\r\n									</td>\r\n								</tr>\r\n								<tr>\r\n									<td>\r\n										<h5>SIM:</h5>\r\n									</td>\r\n									<td>\r\n										<h5>1 Nano SIM & 1 eSIM, Hỗ trợ 5G</h5>\r\n									</td>\r\n								</tr>\r\n								<tr>\r\n									<td>\r\n										<h5>Pin, Sạc:</h5>\r\n									</td>\r\n									<td>\r\n										<h5>3279 mAh20 W</h5>\r\n									</td>\r\n								</tr>\r\n							</tbody>\r\n						</table>', 27990000, 24990000, 6, 'https://www.nguyenkim.com/images/product/829/dien-thoai-iphone-14-256gb-den-1.jpg', 'Sau bao khoảng thời gian dài chờ đợi thì vào ngày 08/09 chiếc điện thoại iPhone 14 cũng đã chính thức được lộ diện, với hàng loạt thông số kỹ thuật ấn tượng từ camera cho đến hiệu năng cực khủng. Từ ngày 14/10/2022 tại Thế Giới Di Động cũng đã chính thức mở bán tất cả các phiên bản iPhone 14 series để người dùng có thể sớm ngày được trải nghiệm.', 0, 0, 0, 0),
(103, 1, 'iPhone 14 Plus 256GB Đen', 'Iphone 14', '6GB', '256GB', '<table class=\"table\">\r\n							<tbody>\r\n								<tr>\r\n									<td>\r\n										<h5>Màn hình:</h5>\r\n									</td>\r\n									<td>\r\n										<h5>OLED6.7\"Super Retina XDR</h5>\r\n									</td>\r\n								</tr>\r\n								<tr>\r\n									<td>\r\n										<h5>Hệ điều hành:</h5>\r\n									</td>\r\n									<td>\r\n										<h5>iOS 16</h5>\r\n									</td>\r\n								</tr>\r\n								<tr>\r\n									<td>\r\n										<h5>Camera sau:</h5>\r\n									</td>\r\n									<td>\r\n										<h5>2 camera 12 MP</h5>\r\n									</td>\r\n								</tr>\r\n								<tr>\r\n									<td>\r\n										<h5>Camera trước:</h5>\r\n									</td>\r\n									<td>\r\n										<h5>12 MP</h5>\r\n									</td>\r\n								</tr>\r\n								<tr>\r\n									<td>\r\n										<h5>Chip:</h5>\r\n									</td>\r\n									<td>\r\n										<h5>Apple A15 Bionic</h5>\r\n									</td>\r\n								</tr>\r\n								<tr>\r\n									<td>\r\n										<h5>RAM:</h5>\r\n									</td>\r\n									<td>\r\n										<h5>6 GB</h5>\r\n									</td>\r\n								</tr>\r\n								<tr>\r\n									<td>\r\n										<h5>Dung lượng lưu trữ:</h5>\r\n									</td>\r\n									<td>\r\n										<h5>256 GB</h5>\r\n									</td>\r\n								</tr>\r\n								<tr>\r\n									<td>\r\n										<h5>SIM:</h5>\r\n									</td>\r\n									<td>\r\n										<h5>1 Nano SIM & 1 eSIM, Hỗ trợ 5G</h5>\r\n									</td>\r\n								</tr>\r\n								<tr>\r\n									<td>\r\n										<h5>Pin, Sạc:</h5>\r\n									</td>\r\n									<td>\r\n										<h5>4325 mAh, 20 W</h5>\r\n									</td>\r\n								</tr>\r\n							</tbody>\r\n						</table>', 30990000, 27990000, 6, 'https://cdn.tgdd.vn/Products/Images/42/289663/iPhone-14-plus-thumb-den-600x600.jpg', 'Sau bao khoảng thời gian dài chờ đợi thì vào ngày 08/09 chiếc điện thoại iPhone 14 cũng đã chính thức được lộ diện, với hàng loạt thông số kỹ thuật ấn tượng từ camera cho đến hiệu năng cực khủng. Từ ngày 14/10/2022 tại Thế Giới Di Động cũng đã chính thức mở bán tất cả các phiên bản iPhone 14 series để người dùng có thể sớm ngày được trải nghiệm.', 0, 0, 0, 0),
(104, 1, 'iPhone 14 Plus 256GB Đỏ', 'Iphone 14', '6GB', '256GB', '<table class=\"table\">\r\n							<tbody>\r\n								<tr>\r\n									<td>\r\n										<h5>Màn hình:</h5>\r\n									</td>\r\n									<td>\r\n										<h5>OLED6.7\"Super Retina XDR</h5>\r\n									</td>\r\n								</tr>\r\n								<tr>\r\n									<td>\r\n										<h5>Hệ điều hành:</h5>\r\n									</td>\r\n									<td>\r\n										<h5>iOS 16</h5>\r\n									</td>\r\n								</tr>\r\n								<tr>\r\n									<td>\r\n										<h5>Camera sau:</h5>\r\n									</td>\r\n									<td>\r\n										<h5>2 camera 12 MP</h5>\r\n									</td>\r\n								</tr>\r\n								<tr>\r\n									<td>\r\n										<h5>Camera trước:</h5>\r\n									</td>\r\n									<td>\r\n										<h5>12 MP</h5>\r\n									</td>\r\n								</tr>\r\n								<tr>\r\n									<td>\r\n										<h5>Chip:</h5>\r\n									</td>\r\n									<td>\r\n										<h5>Apple A15 Bionic</h5>\r\n									</td>\r\n								</tr>\r\n								<tr>\r\n									<td>\r\n										<h5>RAM:</h5>\r\n									</td>\r\n									<td>\r\n										<h5>6 GB</h5>\r\n									</td>\r\n								</tr>\r\n								<tr>\r\n									<td>\r\n										<h5>Dung lượng lưu trữ:</h5>\r\n									</td>\r\n									<td>\r\n										<h5>256 GB</h5>\r\n									</td>\r\n								</tr>\r\n								<tr>\r\n									<td>\r\n										<h5>SIM:</h5>\r\n									</td>\r\n									<td>\r\n										<h5>1 Nano SIM & 1 eSIM, Hỗ trợ 5G</h5>\r\n									</td>\r\n								</tr>\r\n								<tr>\r\n									<td>\r\n										<h5>Pin, Sạc:</h5>\r\n									</td>\r\n									<td>\r\n										<h5>4325 mAh, 20 W</h5>\r\n									</td>\r\n								</tr>\r\n							</tbody>\r\n						</table>', 30990000, 27990000, 2, 'https://www.apple.com/newsroom/images/product/iphone/standard/Apple-iPhone-14-iPhone-14-Plus-2up-PRODUCT-RED-220907_inline.jpg.large.jpg', 'Sau bao khoảng thời gian dài chờ đợi thì vào ngày 08/09 chiếc điện thoại iPhone 14 cũng đã chính thức được lộ diện, với hàng loạt thông số kỹ thuật ấn tượng từ camera cho đến hiệu năng cực khủng. Từ ngày 14/10/2022 tại Thế Giới Di Động cũng đã chính thức mở bán tất cả các phiên bản iPhone 14 series để người dùng có thể sớm ngày được trải nghiệm.', 0, 0, 0, 0),
(105, 1, 'iPhone 14 Plus 256GB Xanh dương', 'Iphone 14', '6GB', '256GB', '<table class=\"table\">\r\n							<tbody>\r\n								<tr>\r\n									<td>\r\n										<h5>Màn hình:</h5>\r\n									</td>\r\n									<td>\r\n										<h5>OLED6.7\"Super Retina XDR</h5>\r\n									</td>\r\n								</tr>\r\n								<tr>\r\n									<td>\r\n										<h5>Hệ điều hành:</h5>\r\n									</td>\r\n									<td>\r\n										<h5>iOS 16</h5>\r\n									</td>\r\n								</tr>\r\n								<tr>\r\n									<td>\r\n										<h5>Camera sau:</h5>\r\n									</td>\r\n									<td>\r\n										<h5>2 camera 12 MP</h5>\r\n									</td>\r\n								</tr>\r\n								<tr>\r\n									<td>\r\n										<h5>Camera trước:</h5>\r\n									</td>\r\n									<td>\r\n										<h5>12 MP</h5>\r\n									</td>\r\n								</tr>\r\n								<tr>\r\n									<td>\r\n										<h5>Chip:</h5>\r\n									</td>\r\n									<td>\r\n										<h5>Apple A15 Bionic</h5>\r\n									</td>\r\n								</tr>\r\n								<tr>\r\n									<td>\r\n										<h5>RAM:</h5>\r\n									</td>\r\n									<td>\r\n										<h5>6 GB</h5>\r\n									</td>\r\n								</tr>\r\n								<tr>\r\n									<td>\r\n										<h5>Dung lượng lưu trữ:</h5>\r\n									</td>\r\n									<td>\r\n										<h5>256 GB</h5>\r\n									</td>\r\n								</tr>\r\n								<tr>\r\n									<td>\r\n										<h5>SIM:</h5>\r\n									</td>\r\n									<td>\r\n										<h5>1 Nano SIM & 1 eSIM, Hỗ trợ 5G</h5>\r\n									</td>\r\n								</tr>\r\n								<tr>\r\n									<td>\r\n										<h5>Pin, Sạc:</h5>\r\n									</td>\r\n									<td>\r\n										<h5>4325 mAh, 20 W</h5>\r\n									</td>\r\n								</tr>\r\n							</tbody>\r\n						</table>', 30990000, 27990000, 2, 'https://www.nguyenkim.com/images/detailed/825/dien-thoai-iphone-14-plus-256gb-xanh-duong-4.jpg', 'Sau bao khoảng thời gian dài chờ đợi thì vào ngày 08/09 chiếc điện thoại iPhone 14 cũng đã chính thức được lộ diện, với hàng loạt thông số kỹ thuật ấn tượng từ camera cho đến hiệu năng cực khủng. Từ ngày 14/10/2022 tại Thế Giới Di Động cũng đã chính thức mở bán tất cả các phiên bản iPhone 14 series để người dùng có thể sớm ngày được trải nghiệm.', 0, 0, 0, 0),
(106, 1, 'iPhone 14 Plus 256GB Trắng', 'Iphone 14', '6GB', '256GB', '<table class=\"table\">\r\n							<tbody>\r\n								<tr>\r\n									<td>\r\n										<h5>Màn hình:</h5>\r\n									</td>\r\n									<td>\r\n										<h5>OLED6.7\"Super Retina XDR</h5>\r\n									</td>\r\n								</tr>\r\n								<tr>\r\n									<td>\r\n										<h5>Hệ điều hành:</h5>\r\n									</td>\r\n									<td>\r\n										<h5>iOS 16</h5>\r\n									</td>\r\n								</tr>\r\n								<tr>\r\n									<td>\r\n										<h5>Camera sau:</h5>\r\n									</td>\r\n									<td>\r\n										<h5>2 camera 12 MP</h5>\r\n									</td>\r\n								</tr>\r\n								<tr>\r\n									<td>\r\n										<h5>Camera trước:</h5>\r\n									</td>\r\n									<td>\r\n										<h5>12 MP</h5>\r\n									</td>\r\n								</tr>\r\n								<tr>\r\n									<td>\r\n										<h5>Chip:</h5>\r\n									</td>\r\n									<td>\r\n										<h5>Apple A15 Bionic</h5>\r\n									</td>\r\n								</tr>\r\n								<tr>\r\n									<td>\r\n										<h5>RAM:</h5>\r\n									</td>\r\n									<td>\r\n										<h5>6 GB</h5>\r\n									</td>\r\n								</tr>\r\n								<tr>\r\n									<td>\r\n										<h5>Dung lượng lưu trữ:</h5>\r\n									</td>\r\n									<td>\r\n										<h5>256 GB</h5>\r\n									</td>\r\n								</tr>\r\n								<tr>\r\n									<td>\r\n										<h5>SIM:</h5>\r\n									</td>\r\n									<td>\r\n										<h5>1 Nano SIM & 1 eSIM, Hỗ trợ 5G</h5>\r\n									</td>\r\n								</tr>\r\n								<tr>\r\n									<td>\r\n										<h5>Pin, Sạc:</h5>\r\n									</td>\r\n									<td>\r\n										<h5>4325 mAh, 20 W</h5>\r\n									</td>\r\n								</tr>\r\n							</tbody>\r\n						</table>', 30990000, 27990000, 0, 'https://www.nguyenkim.com/images/thumbnails/696/522/product/829/dien-thoai-iphone-14-plus-128gb-trang.jpg', 'Sau bao khoảng thời gian dài chờ đợi thì vào ngày 08/09 chiếc điện thoại iPhone 14 cũng đã chính thức được lộ diện, với hàng loạt thông số kỹ thuật ấn tượng từ camera cho đến hiệu năng cực khủng. Từ ngày 14/10/2022 tại Thế Giới Di Động cũng đã chính thức mở bán tất cả các phiên bản iPhone 14 series để người dùng có thể sớm ngày được trải nghiệm.', 0, 0, 0, 0),
(107, 1, 'iPhone 14 Pro 256GB Tím', 'Iphone 14', '6GB', '256GB', '<table class=\"table\">\r\n							<tbody>\r\n								<tr>\r\n									<td>\r\n										<h5>Màn hình:</h5>\r\n									</td>\r\n									<td>\r\n										<h5>OLED6.1\"Super Retina XDR</h5>\r\n									</td>\r\n								</tr>\r\n								<tr>\r\n									<td>\r\n										<h5>Hệ điều hành:</h5>\r\n									</td>\r\n									<td>\r\n										<h5>iOS 16</h5>\r\n									</td>\r\n								</tr>\r\n								<tr>\r\n									<td>\r\n										<h5>Camera sau:</h5>\r\n									</td>\r\n									<td>\r\n										<h5>2 camera 12 MP</h5>\r\n									</td>\r\n								</tr>\r\n								<tr>\r\n									<td>\r\n										<h5>Camera trước:</h5>\r\n									</td>\r\n									<td>\r\n										<h5>12 MP</h5>\r\n									</td>\r\n								</tr>\r\n								<tr>\r\n									<td>\r\n										<h5>Chip:</h5>\r\n									</td>\r\n									<td>\r\n										<h5>Apple A16 Bionic</h5>\r\n									</td>\r\n								</tr>\r\n								<tr>\r\n									<td>\r\n										<h5>RAM:</h5>\r\n									</td>\r\n									<td>\r\n										<h5>6 GB</h5>\r\n									</td>\r\n								</tr>\r\n								<tr>\r\n									<td>\r\n										<h5>Dung lượng lưu trữ:</h5>\r\n									</td>\r\n									<td>\r\n										<h5>256 GB</h5>\r\n									</td>\r\n								</tr>\r\n								<tr>\r\n									<td>\r\n										<h5>SIM:</h5>\r\n									</td>\r\n									<td>\r\n										<h5>1 Nano SIM & 1 eSIM, Hỗ trợ 5G</h5>\r\n									</td>\r\n								</tr>\r\n								<tr>\r\n									<td>\r\n										<h5>Pin, Sạc:</h5>\r\n									</td>\r\n									<td>\r\n										<h5>3200 mAh, 20 W</h5>\r\n									</td>\r\n								</tr>\r\n							</tbody>\r\n						</table>', 34990000, 33390000, 6, 'https://cdn.nguyenkimmall.com/images/product/829/dien-thoai-iphone-14-pro-256gb-tim-1.jpg', 'Sau bao khoảng thời gian dài chờ đợi thì vào ngày 08/09 chiếc điện thoại iPhone 14 cũng đã chính thức được lộ diện, với hàng loạt thông số kỹ thuật ấn tượng từ camera cho đến hiệu năng cực khủng. Từ ngày 14/10/2022 tại Thế Giới Di Động cũng đã chính thức mở bán tất cả các phiên bản iPhone 14 series để người dùng có thể sớm ngày được trải nghiệm.', 0, 0, 0, 0),
(108, 1, 'iPhone 14 Pro 256GB Đen', 'Iphone 14', '6GB', '256GB', '<table class=\"table\">\r\n							<tbody>\r\n								<tr>\r\n									<td>\r\n										<h5>Màn hình:</h5>\r\n									</td>\r\n									<td>\r\n										<h5>OLED6.1\"Super Retina XDR</h5>\r\n									</td>\r\n								</tr>\r\n								<tr>\r\n									<td>\r\n										<h5>Hệ điều hành:</h5>\r\n									</td>\r\n									<td>\r\n										<h5>iOS 16</h5>\r\n									</td>\r\n								</tr>\r\n								<tr>\r\n									<td>\r\n										<h5>Camera sau:</h5>\r\n									</td>\r\n									<td>\r\n										<h5>2 camera 12 MP</h5>\r\n									</td>\r\n								</tr>\r\n								<tr>\r\n									<td>\r\n										<h5>Camera trước:</h5>\r\n									</td>\r\n									<td>\r\n										<h5>12 MP</h5>\r\n									</td>\r\n								</tr>\r\n								<tr>\r\n									<td>\r\n										<h5>Chip:</h5>\r\n									</td>\r\n									<td>\r\n										<h5>Apple A16 Bionic</h5>\r\n									</td>\r\n								</tr>\r\n								<tr>\r\n									<td>\r\n										<h5>RAM:</h5>\r\n									</td>\r\n									<td>\r\n										<h5>6 GB</h5>\r\n									</td>\r\n								</tr>\r\n								<tr>\r\n									<td>\r\n										<h5>Dung lượng lưu trữ:</h5>\r\n									</td>\r\n									<td>\r\n										<h5>256 GB</h5>\r\n									</td>\r\n								</tr>\r\n								<tr>\r\n									<td>\r\n										<h5>SIM:</h5>\r\n									</td>\r\n									<td>\r\n										<h5>1 Nano SIM & 1 eSIM, Hỗ trợ 5G</h5>\r\n									</td>\r\n								</tr>\r\n								<tr>\r\n									<td>\r\n										<h5>Pin, Sạc:</h5>\r\n									</td>\r\n									<td>\r\n										<h5>3200 mAh, 20 W</h5>\r\n									</td>\r\n								</tr>\r\n							</tbody>\r\n						</table>', 34990000, 33390000, 6, 'https://cdn1.viettelstore.vn/images/Product/ProductImage/medium/325815861.jpeg', 'Sau bao khoảng thời gian dài chờ đợi thì vào ngày 08/09 chiếc điện thoại iPhone 14 cũng đã chính thức được lộ diện, với hàng loạt thông số kỹ thuật ấn tượng từ camera cho đến hiệu năng cực khủng. Từ ngày 14/10/2022 tại Thế Giới Di Động cũng đã chính thức mở bán tất cả các phiên bản iPhone 14 series để người dùng có thể sớm ngày được trải nghiệm.', 0, 0, 0, 0),
(109, 1, 'iPhone 14 Pro 256GB Vàng', 'Iphone 14', '6GB', '256GB', '<table class=\"table\">\r\n							<tbody>\r\n								<tr>\r\n									<td>\r\n										<h5>Màn hình:</h5>\r\n									</td>\r\n									<td>\r\n										<h5>OLED6.1\"Super Retina XDR</h5>\r\n									</td>\r\n								</tr>\r\n								<tr>\r\n									<td>\r\n										<h5>Hệ điều hành:</h5>\r\n									</td>\r\n									<td>\r\n										<h5>iOS 16</h5>\r\n									</td>\r\n								</tr>\r\n								<tr>\r\n									<td>\r\n										<h5>Camera sau:</h5>\r\n									</td>\r\n									<td>\r\n										<h5>2 camera 12 MP</h5>\r\n									</td>\r\n								</tr>\r\n								<tr>\r\n									<td>\r\n										<h5>Camera trước:</h5>\r\n									</td>\r\n									<td>\r\n										<h5>12 MP</h5>\r\n									</td>\r\n								</tr>\r\n								<tr>\r\n									<td>\r\n										<h5>Chip:</h5>\r\n									</td>\r\n									<td>\r\n										<h5>Apple A16 Bionic</h5>\r\n									</td>\r\n								</tr>\r\n								<tr>\r\n									<td>\r\n										<h5>RAM:</h5>\r\n									</td>\r\n									<td>\r\n										<h5>6 GB</h5>\r\n									</td>\r\n								</tr>\r\n								<tr>\r\n									<td>\r\n										<h5>Dung lượng lưu trữ:</h5>\r\n									</td>\r\n									<td>\r\n										<h5>256 GB</h5>\r\n									</td>\r\n								</tr>\r\n								<tr>\r\n									<td>\r\n										<h5>SIM:</h5>\r\n									</td>\r\n									<td>\r\n										<h5>1 Nano SIM & 1 eSIM, Hỗ trợ 5G</h5>\r\n									</td>\r\n								</tr>\r\n								<tr>\r\n									<td>\r\n										<h5>Pin, Sạc:</h5>\r\n									</td>\r\n									<td>\r\n										<h5>3200 mAh, 20 W</h5>\r\n									</td>\r\n								</tr>\r\n							</tbody>\r\n						</table>', 34990000, 33390000, 6, 'https://cdn.tgdd.vn/Products/Images/42/289691/iphone-14-pro-vang-thumb.jpg', 'Sau bao khoảng thời gian dài chờ đợi thì vào ngày 08/09 chiếc điện thoại iPhone 14 cũng đã chính thức được lộ diện, với hàng loạt thông số kỹ thuật ấn tượng từ camera cho đến hiệu năng cực khủng. Từ ngày 14/10/2022 tại Thế Giới Di Động cũng đã chính thức mở bán tất cả các phiên bản iPhone 14 series để người dùng có thể sớm ngày được trải nghiệm.', 0, 0, 0, 0);

-- --------------------------------------------------------

--
-- Table structure for table `tintuc`
--

CREATE TABLE `tintuc` (
  `MaTin` int(11) NOT NULL,
  `TieuDe` varchar(200) COLLATE utf8_unicode_ci NOT NULL,
  `MoTaNgan` varchar(200) COLLATE utf8_unicode_ci NOT NULL,
  `NoiDung` longtext COLLATE utf8_unicode_ci NOT NULL,
  `HinhAnh` varchar(255) COLLATE utf8_unicode_ci NOT NULL,
  `NguoiTao` varchar(30) COLLATE utf8_unicode_ci NOT NULL,
  `NgayDang` datetime NOT NULL
) ENGINE=InnoDB DEFAULT CHARSET=utf8 COLLATE=utf8_unicode_ci;

--
-- Dumping data for table `tintuc`
--

INSERT INTO `tintuc` (`MaTin`, `TieuDe`, `MoTaNgan`, `NoiDung`, `HinhAnh`, `NguoiTao`, `NgayDang`) VALUES
(1, 'Hướng dẫn cách tách người ra khỏi ảnh trên iPhone 14 series chỉ với một cái chạm', 'Với iOS 16 thì chiếc điện thoại iPhone 14 series của bạn sẽ có thể tách được nhanh chóng các chủ thể trong ảnh chỉ với một cái chạm. Rất tiện lợi phải không?', '<p>Để tiện hơn cho việc bóc tách người, vật trong ảnh để làm việc với các tác vụ khác. Với iOS 16 thì chiếc điện thoại iPhone 14 series của bạn sẽ có thể tách được nhanh chóng các chủ thể trong ảnh chỉ với một cái chạm. Cùng mình xem ngay cách tách người ra khỏi ảnh trên iPhone 14 series qua bài viết sau nha.</p>\n\n<h3>Cách tách người ra khỏi ảnh trên iPhone 14</h3>\n\n<p>Bước 1: Đầu tiên hãy mở thư viện ảnh trên máy của bạn lên và chọn vào tấm ảnh mà bạn muốn tách người. Sau đó, dùng tay ấn và giữ vào người/vật mà bạn muốn tách cho đến khi xuất hiện một viền sáng chạy dọc người đó là bạn đã tách thành công.</p>\n\n<img class=\"img-fluid\" src=\"https://cdn.tgdd.vn/Files/2022/10/30/1482315/tachnguoi_1280x1280-800-resize.jpg\" alt=\"\">\n\n<p>Bước 2: Tiếp theo, bạn có thể chọn vào Sao chép hay Chia sẻ để gửi ảnh đã tách đến nơi mà bạn muốn sử dụng. Hoặc bạn cũng có thể sử dụng một tay để giữ ảnh vừa tách và tay còn lại mở ứng dụng khác. Khi ứng dụng còn lại khởi động xong thì bạn chỉ cần thả ảnh vừa tách vào ứng dụng đó là xong, sử dụng thôi.</p>\n\n<img class=\"img-fluid\" src=\"https://cdn.tgdd.vn/Files/2022/10/30/1482315/tachnguoi1_1280x1280-800-resize.jpg\" alt=\"\">\n\n<p>Bên trên là cách giúp bạn có thể tiến hành bóc tách nhanh chóng các chủ thể trong ảnh. Hãy thử trải nghiệm và nói cho mình và mọi người biết cảm nhận của bạn với nó là gì bên dưới phần bình luận nhé. Cuối cùng hãy chia sẻ bài viết đến với mọi người mếu bạn thấy nó hữu ích. Cảm ơn các bạn đã theo dõi. Hẹn gặp lại các bạn trong các bài viết tới!</p>\n\n<p>Nguồn: Thế giới di động</p>', 'https://cdn.tgdd.vn/Files/2022/10/30/1482315/tachnguoi2_1280x720-800-resize.jpg', 'Phạm Thị Tươi', '2022-11-28 03:53:17'),
(2, 'Cách mở Apple Pages file trên Windows giúp bạn xem tài liệu vô cùng dễ dàng', 'Đa số các bạn đều biết định dạng Pages file của Apple là trình xử lý văn bản cho phép bạn tạo tài liệu tại đây. Tuy vậy với một số mẹo hay dưới đây thì bạn hoàn toàn có thể mở file này ngay trên máy t', '<p>Đa số các bạn đều biết định dạng Pages file của Apple là trình xử lý văn bản cho phép bạn tạo tài liệu tại đây. Tuy vậy với một số mẹo hay dưới đây thì bạn hoàn toàn có thể mở file này ngay trên máy tính Windows luôn đó. Vậy sau đây mình sẽ hướng dẫn cách mở Apple Pages file trên Windows đến với mọi người nha.</p>\r\n\r\n<h3>Cách mở Apple Pages file trên Windows</h3>\r\n\r\n<p>Để mở được Apple Pages file trên Windows rất đơn giản, mọi người chỉ cần lưu ý và thực hiện theo các bước dưới đây là có thể làm được thôi nè.</p>\r\n\r\n<p>Bước 1: Đầu tiên các bạn truy cập vào trang chủ iCloud của Apple sau đó đăng nhập tài khoản, mật khẩu iCloud của bạn thân vào đây nhé.</p>\r\n\r\n<img class=\"img-fluid\" src=\"https://cdn.tgdd.vn/Files/2022/10/14/1479025/cach-mo-apple-pages-file-tren-windows-01_1280x661-800-resize.jpg\" alt=\"\">\r\n\r\n<p>Bước 2: Tiếp theo mọi người kích chọn Pages vào Apple Pages file để có thể thực hiện được các bước kế tiếp nha.</p>\r\n\r\n<img class=\"img-fluid\" src=\"https://cdn.tgdd.vn/Files/2022/10/14/1479025/cach-mo-apple-pages-file-tren-windows-02_1280x694-800-resize.jpg\" alt=\"\">\r\n\r\n<p>Bước 3: Tại đây bạn sẽ thấy các Apple Pages file của bạn, nếu bạn muốn tải thêm từ máy tính thì hãy nhấn vào biểu tượng Tải Lên để tải thêm file.</p>\r\n\r\n<img class=\"img-fluid\" src=\"https://cdn.tgdd.vn/Files/2022/10/14/1479025/cach-mo-apple-pages-file-tren-windows-03_1280x634-800-resize.jpg\" alt=\"\">\r\n\r\n<p>Bước 4: Kích chuột phải vào Apple Pages file của bạn > Chọn Tải về bản sao để tiến hành tải file về máy tính.</p>\r\n\r\n<img class=\"img-fluid\" src=\"https://cdn.tgdd.vn/Files/2022/10/14/1479025/cach-mo-apple-pages-file-tren-windows-04_1280x981-800-resize.jpg\" alt=\"\">\r\n\r\n<p>Bước 5: Cuối cùng chọn định dạng tải về gồm Pages, PDF, Word, các bạn nên chọn PDF hoặc muốn chỉnh sửa thêm thì chọn Word nhé. Sau khi chọn thì file sẽ được tải về và mở lên bình thường.</p>\r\n\r\n<img class=\"img-fluid\" src=\"https://cdn.tgdd.vn/Files/2022/10/14/1479025/cach-mo-apple-pages-file-tren-windows-05_1280x784-800-resize.jpg\" alt=\"\">\r\n\r\n<p>Nguồn: Thế giới di động</p>', 'https://cdn.tgdd.vn/Files/2022/10/14/1479025/cach-mo-apple-pages-file-tren-windows-06_1280x720-800-resize.jpg', 'Phạm Thị Tươi', '2022-11-28 10:26:17'),
(3, 'Cách khởi động lại iPad không cần nút nguồn hay bất kỳ phím cứng nào rất tiện lợi', 'Việc khởi động lại iPad sẽ giúp chúng ta giải quyết được các vấn đề như đứng máy, thiết bị đang dùng bị đơ, giật, lag. Tuy vậy một số trường hợp phím home bị liệt thì khởi động lại như thế nào?', '<p>Việc khởi động lại iPad sẽ giúp chúng ta giải quyết được các vấn đề như đứng máy, thiết bị đang dùng bị đơ, giật, lag. Tuy vậy một số trường hợp phím home bị liệt thì khởi động lại như thế nào? Đừng quá lo lắng, ngay sau đây mình sẽ chia sẻ cách khởi động lại iPad không cần nút home cực kỳ tiện lợi luôn nha.</p>\n\n<h3>Cách khởi động lại iPad không cần nút nguồn</h3>\n\n<p>Tính năng này thực hiện rất dễ các bạn chỉ cần lưu ý và làm theo các bước sau thôi nhé.</p>\n\n<p>Bước 1: Đầu tiên các bạn hãy vào Cài đặt và chọn vào phần Trợ năng &gt; Sau đó nhấn tiếp vào mục Cảm ứng.</p>\n\n<img class=\"img-fluid\" src=\"https://cdn.tgdd.vn/Files/2022/08/23/1458826/cach-khoi-dong-lai-ipad-khong-can-nut-home-01_1280x960-800-resize.jpg\" alt=\"\">\n\n<p>Bước 2: Chọn vào phần AssistiveTouch.</p>\n\n<img class=\"img-fluid\" src=\"https://cdn.tgdd.vn/Files/2022/08/23/1458826/cach-khoi-dong-lai-ipad-khong-can-nut-home-02_1280x960-800-resize.jpg\" alt=\"\">\n\n<p>Bước 3: Bật AssistiveTouch lên lúc nào màn hình của bạn sẽ có thể nút home ảo đó là AssistiveTouch và nhấn chọn vào Tùy chỉnh menu điều khiển.</p>\n\n<img class=\"img-fluid\" src=\"https://cdn.tgdd.vn/Files/2022/08/23/1458826/cach-khoi-dong-lai-ipad-khong-can-nut-home-03_1280x960-800-resize.jpg\" alt=\"\">\n\n<p>Bước 4: Tại đây bạn kích chọn vào ô dấu cộng và chọn Khởi động lại. Vậy là từ giờ bạn chỉ cần chọn AssistiveTouch và nhấn Khởi động lại là được rồi nè.</p>\n\n<img class=\"img-fluid\" src=\"https://cdn.tgdd.vn/Files/2022/08/23/1458826/cach-khoi-dong-lai-ipad-khong-can-nut-home-04_1280x960-800-resize.jpg\" alt=\"\">\n\n<p>Nguồn: Thế giới di động</p>', 'https://cdn.tgdd.vn/Files/2022/08/23/1458826/cach-khoi-dong-lai-ipad-khong-can-nut-home-05_1280x720-800-resize.jpg', 'Trần Duy Phương', '2022-11-28 10:56:17'),
(4, 'Hướng dẫn tăng thời gian thu hồi email trên iPhone để gỡ email khi gửi nhầm', 'Bạn thường xuyên trao đổi công việc, học tập, gửi tài liệu thông qua email. Có đôi lúc bạn sẽ vô tình gửi nhầm cho ai đó hay gửi thiếu nội dung gì đó, bạn cần hoàn thiện lại nó.', '<p>Bạn thường xuyên trao đổi công việc, học tập, gửi tài liệu thông qua email. Có đôi lúc bạn sẽ vô tình gửi nhầm cho ai đó hay gửi thiếu nội dung gì đó, bạn cần hoàn thiện lại nó. Tuy nhiên, thời gian mặc định hoàn tác gửi của ứng dụng Mail thường rất ngắn không đủ cho bạn thu hồi! Đừng lo bài viết sau đây mình sẽ hướng dẫn các bạn cách tăng thời gian thu hồi email trên iPhone ngay trên iPhone của bạn.</p>\r\n\r\n<h3>Cách tăng thời gian thu hồi email trên iPhone</h3>\r\n\r\n<p>Tính năng này thực hiện rất dễ các bạn chỉ cần lưu ý và làm theo các bước sau thôi nhé.</p>\r\n\r\n<p>Bước 1: Bạn hãy truy cập vào Cài đặt, sau đó tìm đến mục Mail.</p>\r\n\r\n<img class=\"img-fluid\" src=\"https://cdn.tgdd.vn/Files/2022/09/22/1471309/cachtangthoigianhoantacguimailtrenios16_1280x1280-800-resize.jpeg\" alt=\"\">\r\n\r\n<p>Bước 2: Bạn nhấn chọn mục Độ trễ hoàn tác gửi và sau đó chọn mốc thời gian tối đa là 30 giây.</p>\r\n\r\n<img class=\"img-fluid\" src=\"https://cdn.tgdd.vn/Files/2022/09/22/1471309/cachtangthoigianhoantacguimailtreniphone_1280x1280-800-resize.jpeg\" alt=\"\">\r\n\r\n<p>Và sau đây là kết quả, khi bạn thực hiện gửi mail bất kỳ cho ai đó thông qua ứng dụng Mail trên iPhone thì bạn sẽ có thể thu hồi email đã gửi trong vòng 30 giây thay vì 10 giây hay 20 giây như mặc định.</p>\r\n\r\n<img class=\"img-fluid\" src=\"https://cdn.tgdd.vn/Files/2022/09/22/1471309/cachtangthoigianhoantacguimailtrenios17_1280x1280-800-resize.jpeg\" alt=\"\">\r\n\r\n<p>Với những thao tác nhanh chóng và dễ thực hiện như trên thì bạn đã có thể gia tăng thời gian hoàn tác gửi mail đi trong ứng dụng Mail trên iPhone rồi nhé! Hãy chia sẻ ngay thông tin hữu ích này đến mọi người xung quanh. Chúc các bạn thực hiện thành công.</p>\r\n\r\n<p>Nguồn: Thế giới di động</p>', 'https://cdn.tgdd.vn/Files/2022/09/22/1471309/cachtangthoigianhoantacguimailtrenios17_1280x720-800-resize.jpg', 'Phạm Thị Tươi', '2022-11-28 12:09:17'),
(5, 'Thực hư tin đồn Apple có ý định mua \'Quỷ Đỏ\', thương vụ sẽ bất thành?', 'Một nguồn tin thân cận trong giới thể thao nói với trang Macrumors rằng Apple hiện không có kế hoạch mua câu lạc bộ Premier League Manchester United. Gần đây rộ lên việc Táo khuyết muốn mua lại \"Quỷ Đ', '<p>Một nguồn tin thân cận trong giới thể thao nói với trang Macrumors rằng Apple hiện không có kế hoạch mua câu lạc bộ Premier League Manchester United. Gần đây rộ lên việc Táo khuyết muốn mua lại \"Quỷ Đỏ\" với giá 7 tỷ USD, nhưng có vẻ như đây là tin đồn thất thiệt.</p>\r\n\r\n<img class=\"img-fluid\" src=\"https://cdn.tgdd.vn/Files/2022/11/25/1490977/neuapplemuaquydodayselathuongvukyluclichsu-anhstrettynews_1280x676-800-resize.png\" alt=\"\">\r\n\r\n<p>Vào năm 2005 thì nhà Glazer trở nên nổi tiếng với việc sở hữu Manchester United (MU), nhưng gần đây họ đã lựa chọn rao bán MU với lý do là tìm kiếm chiến lược mới. Quyết định này đưa ra ngay sau khi Cristiano Ronaldo rời MU.</p>\r\n\r\n<img class=\"img-fluid\" src=\"https://cdn.tgdd.vn/Files/2022/11/25/1490977/taokhuyetgandayrathungthuvoinoidungthethao-anhapple_1280x1280-800-resize.jpg\" alt=\"\">\r\n\r\n<p>Về phía tập đoàn Cupertino, gần đây họ có vẻ hứng thú với chủ đề bóng đá, khi hợp tác với MLB để chiếu chương trình \"Friday Night Baseball\" hàng tuần trên Apple TV+ trong suốt mùa giải năm 2022, đồng thời là nhà cung cấp độc quyền các trận đấu MLS trong 10 năm tới. Apple cũng là người đi đầu trong việc giành quyền phát trực tuyến gói Sunday Ticket của NFL bắt đầu từ mùa giải tới.</p>\r\n\r\n<p>Nguồn: Thế giới di động</p>', 'https://cdn.tgdd.vn/Files/2022/11/25/1490977/hoarathuongvuramromayngaygandaylatinthatthiet-anhstrettynews_1280x720-800-resize.jpg', 'Phạm Thị Tươi', '2022-11-28 10:52:11'),
(6, 'Macbook Air và iPad Pro màn OLED đang được lên kế hoạch để ra mắt vào năm 2024!', 'Apple đang có kế hoạch giới thiệu các mẫu MacBook Air 13 inch, iPad Pro 11 inch và iPad Pro 12.9 inch mới với màn hình OLED vào năm 2024, theo nhà tư vấn uy tín Ross Young.', '<p>Young không chia sẻ thêm bất kỳ chi tiết nào, nhưng đầu năm nay, ông cho biết cả ba thiết bị sẽ có màn hình OLED \"hai ngăn\" với hai lớp phát xạ màu đỏ, lục và lam để tăng độ sáng và tiêu thụ điện năng thấp hơn. Young trước đây cho biết cả ba thiết bị cũng sẽ hỗ trợ ProMotion cho tốc độ làm mới lên tới 120 Hz.</p>\n\n<img class=\"img-fluid\" src=\"https://photos5.appleinsider.com/gallery/49561-97295-iPad-Pro-vs-MacBook-Air-Display-xl.jpg\" alt=\"\">\n\n<p>Các mẫu iPad Pro từ đời 2017 đã có ProMotion với tốc độ làm mới 24 Hz đến 120 Hz, trong khi ProMotion sẽ là tính năng hoàn toàn mới đối với MacBook Air. Apple đã thêm tính năng này vào MacBook Pro 14 inch và MacBook Pro 16 inch đời 2021, cũng với dải tần số quét màn hình 24 Hz đến 120 Hz.</p>\n\n<p>Hiện tại không có máy Mac hoặc iPad nào có màn hình OLED. Các mẫu MacBook Air và iPad Pro mới nhất của Apple được trang bị màn hình LCD, với iPad Pro 12.9 inch có đèn nền LED mini để tăng độ sáng và cải thiện tỷ lệ tương phản 1.000.000:1.</p>\n\n<img class=\"img-fluid\" src=\"https://www.journaldugeek.com/content/uploads/2022/01/macbookpro.jpg\" alt=\"\">\n\n<p>Không giống như màn hình LCD có đèn LED mini, màn hình OLED có các điểm ảnh tự phát sáng và không cần đèn nền, điều này sẽ mang lại cho thiết bị tỷ lệ tương phản và thời lượng pin tốt hơn.</p>\n\n<p>Young là Giám đốc điều hành của Display Supply Chain Consultants (DSCC). Trước đây, ông đã tiết lộ chính xác rằng các thiết bị như iPhone 13 Pro và MacBook Pro sẽ có ProMotion, iPad mini thế hệ thứ sáu sẽ được trang bị màn hình 8.3 inch, MacBook Air mới nhất sẽ có màn hình 13.6 inch lớn hơn một chút, mang lại cho ông một sự uy tín rất lớn với những tin đồn về sản phẩm của Apple.</p>\n\n<p>Nguồn: Thế giới di động</p>', 'https://cdn.tgdd.vn/Files/2022/12/12/1495160/macbook-air-m2-chip-purple-feature-_1600x900-800-resize.jpg', 'Phạm Thị Tươi', '2022-12-13 05:18:59');

-- --------------------------------------------------------

--
-- Table structure for table `traloibinhluan`
--

CREATE TABLE `traloibinhluan` (
  `MaTLBL` int(11) NOT NULL,
  `MaBL` int(11) NOT NULL,
  `MaND` int(10) NOT NULL,
  `BinhLuan` longtext COLLATE utf8_unicode_ci NOT NULL,
  `NgayLap` datetime NOT NULL
) ENGINE=InnoDB DEFAULT CHARSET=utf8 COLLATE=utf8_unicode_ci;

--
-- Dumping data for table `traloibinhluan`
--

INSERT INTO `traloibinhluan` (`MaTLBL`, `MaBL`, `MaND`, `BinhLuan`, `NgayLap`) VALUES
(6, 1, 1, 'bên mình đã liên hệ với bạn để tư vấn r nha', '2022-11-23 03:09:04'),
(9, 1, 6, 'mình cũng hóng nữa', '2022-11-27 13:38:09'),
(10, 12, 6, 'hihi', '2022-11-27 13:39:26'),
(13, 12, 6, 'rẻ', '2022-11-30 09:57:31'),
(14, 12, 6, 'gggg', '2022-11-30 10:11:13'),
(15, 1, 6, 'ggggg', '2022-11-30 10:11:17'),
(18, 25, 5, 'ông làm theo được không? t vẫn bị lỗi', '2022-12-17 18:35:06');

-- --------------------------------------------------------

--
-- Table structure for table `yeuthich`
--

CREATE TABLE `yeuthich` (
  `MaSP` int(11) NOT NULL,
  `MaND` int(11) NOT NULL
) ENGINE=InnoDB DEFAULT CHARSET=utf8 COLLATE=utf8_unicode_ci;

--
-- Dumping data for table `yeuthich`
--

INSERT INTO `yeuthich` (`MaSP`, `MaND`) VALUES
(1, 6),
(3, 1),
(5, 6),
(6, 2),
(36, 6);

--
-- Indexes for dumped tables
--

--
-- Indexes for table `binhluan`
--
ALTER TABLE `binhluan`
  ADD PRIMARY KEY (`MaBL`),
  ADD KEY `MaSP` (`MaSP`),
  ADD KEY `MaTin` (`MaTin`),
  ADD KEY `MaND` (`MaND`);

--
-- Indexes for table `chitietdonhang`
--
ALTER TABLE `chitietdonhang`
  ADD PRIMARY KEY (`MaDH`,`MaSP`),
  ADD KEY `chitietdonhang_ibfk_2` (`MaSP`);

--
-- Indexes for table `danhgia`
--
ALTER TABLE `danhgia`
  ADD PRIMARY KEY (`MaSP`,`MaND`),
  ADD KEY `danhgia_ibfk_1` (`MaND`);

--
-- Indexes for table `donhang`
--
ALTER TABLE `donhang`
  ADD PRIMARY KEY (`MaDH`),
  ADD KEY `MaND` (`MaND`);

--
-- Indexes for table `giohang`
--
ALTER TABLE `giohang`
  ADD PRIMARY KEY (`MaND`,`MaSP`),
  ADD KEY `giohang_ibfk_2` (`MaSP`);

--
-- Indexes for table `khuyenmai`
--
ALTER TABLE `khuyenmai`
  ADD PRIMARY KEY (`MaKM`),
  ADD UNIQUE KEY `CodeKM` (`CodeKM`),
  ADD KEY `MaLoaiKM` (`MaLoaiKM`);

--
-- Indexes for table `loaikhuyenmai`
--
ALTER TABLE `loaikhuyenmai`
  ADD PRIMARY KEY (`MaLoaiKM`);

--
-- Indexes for table `loaisanpham`
--
ALTER TABLE `loaisanpham`
  ADD PRIMARY KEY (`MaLSP`);

--
-- Indexes for table `nguoidung`
--
ALTER TABLE `nguoidung`
  ADD PRIMARY KEY (`MaND`),
  ADD UNIQUE KEY `TaiKhoan` (`TaiKhoan`),
  ADD KEY `nguoidung_ibfk_1` (`MaQuyen`);

--
-- Indexes for table `phanquyen`
--
ALTER TABLE `phanquyen`
  ADD PRIMARY KEY (`MaQuyen`);

--
-- Indexes for table `sanpham`
--
ALTER TABLE `sanpham`
  ADD PRIMARY KEY (`MaSP`),
  ADD UNIQUE KEY `TenSP` (`TenSP`);

--
-- Indexes for table `tintuc`
--
ALTER TABLE `tintuc`
  ADD PRIMARY KEY (`MaTin`);

--
-- Indexes for table `traloibinhluan`
--
ALTER TABLE `traloibinhluan`
  ADD PRIMARY KEY (`MaTLBL`),
  ADD KEY `MaBL` (`MaBL`),
  ADD KEY `MaND` (`MaND`);

--
-- Indexes for table `yeuthich`
--
ALTER TABLE `yeuthich`
  ADD PRIMARY KEY (`MaSP`,`MaND`),
  ADD KEY `yeuthich_ibfk_1` (`MaND`);

--
-- AUTO_INCREMENT for dumped tables
--

--
-- AUTO_INCREMENT for table `binhluan`
--
ALTER TABLE `binhluan`
  MODIFY `MaBL` int(11) NOT NULL AUTO_INCREMENT, AUTO_INCREMENT=28;

--
-- AUTO_INCREMENT for table `donhang`
--
ALTER TABLE `donhang`
  MODIFY `MaDH` int(11) NOT NULL AUTO_INCREMENT, AUTO_INCREMENT=11;

--
-- AUTO_INCREMENT for table `khuyenmai`
--
ALTER TABLE `khuyenmai`
  MODIFY `MaKM` int(11) NOT NULL AUTO_INCREMENT, AUTO_INCREMENT=20;

--
-- AUTO_INCREMENT for table `loaisanpham`
--
ALTER TABLE `loaisanpham`
  MODIFY `MaLSP` int(11) NOT NULL AUTO_INCREMENT, AUTO_INCREMENT=8;

--
-- AUTO_INCREMENT for table `nguoidung`
--
ALTER TABLE `nguoidung`
  MODIFY `MaND` int(11) NOT NULL AUTO_INCREMENT, AUTO_INCREMENT=97;

--
-- AUTO_INCREMENT for table `sanpham`
--
ALTER TABLE `sanpham`
  MODIFY `MaSP` int(11) NOT NULL AUTO_INCREMENT, AUTO_INCREMENT=113;

--
-- AUTO_INCREMENT for table `tintuc`
--
ALTER TABLE `tintuc`
  MODIFY `MaTin` int(11) NOT NULL AUTO_INCREMENT, AUTO_INCREMENT=8;

--
-- AUTO_INCREMENT for table `traloibinhluan`
--
ALTER TABLE `traloibinhluan`
  MODIFY `MaTLBL` int(11) NOT NULL AUTO_INCREMENT, AUTO_INCREMENT=19;

--
-- Constraints for dumped tables
--

--
-- Constraints for table `binhluan`
--
ALTER TABLE `binhluan`
  ADD CONSTRAINT `binhluan_ibfk_1` FOREIGN KEY (`MaND`) REFERENCES `nguoidung` (`MaND`) ON DELETE CASCADE ON UPDATE CASCADE,
  ADD CONSTRAINT `binhluan_ibfk_2` FOREIGN KEY (`MaSP`) REFERENCES `sanpham` (`MaSP`) ON DELETE CASCADE ON UPDATE CASCADE,
  ADD CONSTRAINT `binhluan_ibfk_3` FOREIGN KEY (`MaTin`) REFERENCES `tintuc` (`MaTin`) ON DELETE CASCADE ON UPDATE CASCADE;

--
-- Constraints for table `chitietdonhang`
--
ALTER TABLE `chitietdonhang`
  ADD CONSTRAINT `chitietdonhang_ibfk_1` FOREIGN KEY (`MaDH`) REFERENCES `donhang` (`MaDH`) ON DELETE CASCADE ON UPDATE CASCADE,
  ADD CONSTRAINT `chitietdonhang_ibfk_2` FOREIGN KEY (`MaSP`) REFERENCES `sanpham` (`MaSP`) ON DELETE CASCADE ON UPDATE CASCADE;

--
-- Constraints for table `danhgia`
--
ALTER TABLE `danhgia`
  ADD CONSTRAINT `danhgia_ibfk_1` FOREIGN KEY (`MaND`) REFERENCES `nguoidung` (`MaND`) ON DELETE CASCADE ON UPDATE CASCADE,
  ADD CONSTRAINT `danhgia_ibfk_2` FOREIGN KEY (`MaSP`) REFERENCES `sanpham` (`MaSP`) ON DELETE CASCADE ON UPDATE CASCADE;

--
-- Constraints for table `donhang`
--
ALTER TABLE `donhang`
  ADD CONSTRAINT `donhang_ibfk_1` FOREIGN KEY (`MaND`) REFERENCES `nguoidung` (`MaND`);

--
-- Constraints for table `giohang`
--
ALTER TABLE `giohang`
  ADD CONSTRAINT `giohang_ibfk_1` FOREIGN KEY (`MaND`) REFERENCES `nguoidung` (`MaND`) ON DELETE CASCADE ON UPDATE CASCADE,
  ADD CONSTRAINT `giohang_ibfk_2` FOREIGN KEY (`MaSP`) REFERENCES `sanpham` (`MaSP`) ON DELETE CASCADE ON UPDATE CASCADE;

--
-- Constraints for table `khuyenmai`
--
ALTER TABLE `khuyenmai`
  ADD CONSTRAINT `khuyenmai_ibfk_1` FOREIGN KEY (`MaLoaiKM`) REFERENCES `loaikhuyenmai` (`MaLoaiKM`);

--
-- Constraints for table `nguoidung`
--
ALTER TABLE `nguoidung`
  ADD CONSTRAINT `nguoidung_ibfk_1` FOREIGN KEY (`MaQuyen`) REFERENCES `phanquyen` (`MaQuyen`) ON DELETE CASCADE ON UPDATE CASCADE;

--
-- Constraints for table `sanpham`
--
ALTER TABLE `sanpham`
  ADD CONSTRAINT `sanpham_ibfk_1` FOREIGN KEY (`MaLSP`) REFERENCES `loaisanpham` (`MaLSP`);

--
-- Constraints for table `traloibinhluan`
--
ALTER TABLE `traloibinhluan`
  ADD CONSTRAINT `traloibinhluan_ibfk_1` FOREIGN KEY (`MaND`) REFERENCES `nguoidung` (`MaND`) ON DELETE CASCADE ON UPDATE CASCADE,
  ADD CONSTRAINT `traloibinhluan_ibfk_2` FOREIGN KEY (`MaBL`) REFERENCES `binhluan` (`MaBL`) ON DELETE CASCADE ON UPDATE CASCADE;

--
-- Constraints for table `yeuthich`
--
ALTER TABLE `yeuthich`
  ADD CONSTRAINT `yeuthich_ibfk_1` FOREIGN KEY (`MaND`) REFERENCES `nguoidung` (`MaND`) ON DELETE CASCADE ON UPDATE CASCADE,
  ADD CONSTRAINT `yeuthich_ibfk_2` FOREIGN KEY (`MaSP`) REFERENCES `sanpham` (`MaSP`) ON DELETE CASCADE ON UPDATE CASCADE;
COMMIT;

/*!40101 SET CHARACTER_SET_CLIENT=@OLD_CHARACTER_SET_CLIENT */;
/*!40101 SET CHARACTER_SET_RESULTS=@OLD_CHARACTER_SET_RESULTS */;
/*!40101 SET COLLATION_CONNECTION=@OLD_COLLATION_CONNECTION */;
